product,game_variant,prize_tier,winning_rule,prize_value_vnd,details_json,source_url
bingo18,tabSelNumberInfo,Chọn số 1,Chọn số 1,1,"{""columns"":{""Giá trị trúng thưởng"":""Kết quả quay số có một số 1"",""Xác định kết quả"":""Chọn số 1"",""column_3"":""12.000""},""row_index"":0,""table_index"":2}",https://vietlott.vn/vi/trung-thuong/ket-qua-trung-thuong/view-detail-bingo18-result?nocatche=1&id=0171700
bingo18,tabSelNumberInfo,Chọn số 2,Chọn số 2,2,"{""columns"":{""Giá trị trúng thưởng"":""Kết quả quay số có một số 2"",""Xác định kết quả"":""Chọn số 2"",""column_3"":""12.000 ( Số lượng: 2 )""},""row_index"":3,""table_index"":2}",https://vietlott.vn/vi/trung-thuong/ket-qua-trung-thuong/view-detail-bingo18-result?nocatche=1&id=0171700
bingo18,tabSelNumberInfo,Chọn số 3,Chọn số 3,3,"{""columns"":{""Giá trị trúng thưởng"":""Kết quả quay số có một số 3"",""Xác định kết quả"":""Chọn số 3"",""column_3"":""12.000 ( Số lượng: 15 )""},""row_index"":6,""table_index"":2}",https://vietlott.vn/vi/trung-thuong/ket-qua-trung-thuong/view-detail-bingo18-result?nocatche=1&id=0171700
bingo18,tabSelNumberInfo,Chọn số 4,Chọn số 4,4,"{""columns"":{""Giá trị trúng thưởng"":""Kết quả quay số có một số 4"",""Xác định kết quả"":""Chọn số 4"",""column_3"":""12.000""},""row_index"":9,""table_index"":2}",https://vietlott.vn/vi/trung-thuong/ket-qua-trung-thuong/view-detail-bingo18-result?nocatche=1&id=0171700
bingo18,tabSelNumberInfo,Chọn số 5,Chọn số 5,5,"{""columns"":{""Giá trị trúng thưởng"":""Kết quả quay số có một số 5"",""Xác định kết quả"":""Chọn số 5"",""column_3"":""12.000""},""row_index"":12,""table_index"":2}",https://vietlott.vn/vi/trung-thuong/ket-qua-trung-thuong/view-detail-bingo18-result?nocatche=1&id=0171700
bingo18,tabSelNumberInfo,Chọn số 6,Chọn số 6,6,"{""columns"":{""Giá trị trúng thưởng"":""Kết quả quay số có một số 6"",""Xác định kết quả"":""Chọn số 6"",""column_3"":""12.000""},""row_index"":15,""table_index"":2}",https://vietlott.vn/vi/trung-thuong/ket-qua-trung-thuong/view-detail-bingo18-result?nocatche=1&id=0171700
bingo18,tabSelNumberInfo,Kết quả quay số có ba số 1,Kết quả quay số có ba số 1,30000,"{""columns"":{""Giá trị trúng thưởng"":""30.000"",""Xác định kết quả"":""Kết quả quay số có ba số 1""},""row_index"":2,""table_index"":2}",https://vietlott.vn/vi/trung-thuong/ket-qua-trung-thuong/view-detail-bingo18-result?nocatche=1&id=0171700
bingo18,tabSelNumberInfo,Kết quả quay số có ba số 1,Kết quả quay số có ba số 1,300001,"{""columns"":{""Giá trị trúng thưởng"":""30.000 ( Số lượng: 1 )"",""Xác định kết quả"":""Kết quả quay số có ba số 1""},""row_index"":2,""table_index"":2}",https://vietlott.vn/vi/trung-thuong/ket-qua-trung-thuong/view-detail-bingo18-result?nocatche=1&id=0171710
bingo18,tabSelNumberInfo,Kết quả quay số có ba số 1,Kết quả quay số có ba số 1,1200000,"{""columns"":{""Giá trị trúng thưởng"":""1.200.000"",""Xác định kết quả"":""Kết quả quay số có ba số 1""},""row_index"":0,""table_index"":4}",https://vietlott.vn/vi/trung-thuong/ket-qua-trung-thuong/view-detail-bingo18-result?nocatche=1&id=0171700
bingo18,tabSelNumberInfo,Kết quả quay số có ba số 2,Kết quả quay số có ba số 2,30000,"{""columns"":{""Giá trị trúng thưởng"":""30.000"",""Xác định kết quả"":""Kết quả quay số có ba số 2""},""row_index"":5,""table_index"":2}",https://vietlott.vn/vi/trung-thuong/ket-qua-trung-thuong/view-detail-bingo18-result?nocatche=1&id=0171700
bingo18,tabSelNumberInfo,Kết quả quay số có ba số 2,Kết quả quay số có ba số 2,1200000,"{""columns"":{""Giá trị trúng thưởng"":""1.200.000"",""Xác định kết quả"":""Kết quả quay số có ba số 2""},""row_index"":1,""table_index"":4}",https://vietlott.vn/vi/trung-thuong/ket-qua-trung-thuong/view-detail-bingo18-result?nocatche=1&id=0171700
bingo18,tabSelNumberInfo,Kết quả quay số có ba số 3,Kết quả quay số có ba số 3,30000,"{""columns"":{""Giá trị trúng thưởng"":""30.000"",""Xác định kết quả"":""Kết quả quay số có ba số 3""},""row_index"":8,""table_index"":2}",https://vietlott.vn/vi/trung-thuong/ket-qua-trung-thuong/view-detail-bingo18-result?nocatche=1&id=0171700
bingo18,tabSelNumberInfo,Kết quả quay số có ba số 3,Kết quả quay số có ba số 3,1200000,"{""columns"":{""Giá trị trúng thưởng"":""1.200.000"",""Xác định kết quả"":""Kết quả quay số có ba số 3""},""row_index"":2,""table_index"":4}",https://vietlott.vn/vi/trung-thuong/ket-qua-trung-thuong/view-detail-bingo18-result?nocatche=1&id=0171700
bingo18,tabSelNumberInfo,Kết quả quay số có ba số 4,Kết quả quay số có ba số 4,30000,"{""columns"":{""Giá trị trúng thưởng"":""30.000"",""Xác định kết quả"":""Kết quả quay số có ba số 4""},""row_index"":11,""table_index"":2}",https://vietlott.vn/vi/trung-thuong/ket-qua-trung-thuong/view-detail-bingo18-result?nocatche=1&id=0171700
bingo18,tabSelNumberInfo,Kết quả quay số có ba số 4,Kết quả quay số có ba số 4,1200000,"{""columns"":{""Giá trị trúng thưởng"":""1.200.000"",""Xác định kết quả"":""Kết quả quay số có ba số 4""},""row_index"":3,""table_index"":4}",https://vietlott.vn/vi/trung-thuong/ket-qua-trung-thuong/view-detail-bingo18-result?nocatche=1&id=0171700
bingo18,tabSelNumberInfo,Kết quả quay số có ba số 5,Kết quả quay số có ba số 5,30000,"{""columns"":{""Giá trị trúng thưởng"":""30.000"",""Xác định kết quả"":""Kết quả quay số có ba số 5""},""row_index"":14,""table_index"":2}",https://vietlott.vn/vi/trung-thuong/ket-qua-trung-thuong/view-detail-bingo18-result?nocatche=1&id=0171700
bingo18,tabSelNumberInfo,Kết quả quay số có ba số 5,Kết quả quay số có ba số 5,1200000,"{""columns"":{""Giá trị trúng thưởng"":""1.200.000"",""Xác định kết quả"":""Kết quả quay số có ba số 5""},""row_index"":4,""table_index"":4}",https://vietlott.vn/vi/trung-thuong/ket-qua-trung-thuong/view-detail-bingo18-result?nocatche=1&id=0171700
bingo18,tabSelNumberInfo,Kết quả quay số có ba số 6,Kết quả quay số có ba số 6,30000,"{""columns"":{""Giá trị trúng thưởng"":""30.000"",""Xác định kết quả"":""Kết quả quay số có ba số 6""},""row_index"":17,""table_index"":2}",https://vietlott.vn/vi/trung-thuong/ket-qua-trung-thuong/view-detail-bingo18-result?nocatche=1&id=0171700
bingo18,tabSelNumberInfo,Kết quả quay số có ba số 6,Kết quả quay số có ba số 6,300007,"{""columns"":{""Giá trị trúng thưởng"":""30.000 ( Số lượng: 7 )"",""Xác định kết quả"":""Kết quả quay số có ba số 6""},""row_index"":17,""table_index"":2}",https://vietlott.vn/vi/trung-thuong/ket-qua-trung-thuong/view-detail-bingo18-result?nocatche=1&id=0171701
bingo18,tabSelNumberInfo,Kết quả quay số có ba số 6,Kết quả quay số có ba số 6,1200000,"{""columns"":{""Giá trị trúng thưởng"":""1.200.000"",""Xác định kết quả"":""Kết quả quay số có ba số 6""},""row_index"":5,""table_index"":4}",https://vietlott.vn/vi/trung-thuong/ket-qua-trung-thuong/view-detail-bingo18-result?nocatche=1&id=0171700
bingo18,tabSelNumberInfo,Kết quả quay số có ba số 6,Kết quả quay số có ba số 6,3000017,"{""columns"":{""Giá trị trúng thưởng"":""30.000 ( Số lượng: 17 )"",""Xác định kết quả"":""Kết quả quay số có ba số 6""},""row_index"":17,""table_index"":2}",https://vietlott.vn/vi/trung-thuong/ket-qua-trung-thuong/view-detail-bingo18-result?nocatche=1&id=0171703
bingo18,tabSelNumberInfo,Kết quả quay số có ba số trùng nhau bất kỳ,Kết quả quay số có ba số trùng nhau bất kỳ,200000,"{""columns"":{""Giá trị trúng thưởng"":""200.000"",""Xác định kết quả"":""Kết quả quay số có ba số trùng nhau bất kỳ""},""row_index"":6,""table_index"":4}",https://vietlott.vn/vi/trung-thuong/ket-qua-trung-thuong/view-detail-bingo18-result?nocatche=1&id=0171700
bingo18,tabSelNumberInfo,Kết quả quay số có ba số trùng nhau bất kỳ,Kết quả quay số có ba số trùng nhau bất kỳ,20000060,"{""columns"":{""Giá trị trúng thưởng"":""200.000 ( Số lượng: 60 )"",""Xác định kết quả"":""Kết quả quay số có ba số trùng nhau bất kỳ""},""row_index"":6,""table_index"":4}",https://vietlott.vn/vi/trung-thuong/ket-qua-trung-thuong/view-detail-bingo18-result?nocatche=1&id=0171701
bingo18,tabSelNumberInfo,Kết quả quay số có ba số trùng nhau bất kỳ,Kết quả quay số có ba số trùng nhau bất kỳ,20000078,"{""columns"":{""Giá trị trúng thưởng"":""200.000 ( Số lượng: 78 )"",""Xác định kết quả"":""Kết quả quay số có ba số trùng nhau bất kỳ""},""row_index"":6,""table_index"":4}",https://vietlott.vn/vi/trung-thuong/ket-qua-trung-thuong/view-detail-bingo18-result?nocatche=1&id=0171703
bingo18,tabSelNumberInfo,Kết quả quay số có ba số trùng nhau bất kỳ,Kết quả quay số có ba số trùng nhau bất kỳ,20000092,"{""columns"":{""Giá trị trúng thưởng"":""200.000 ( Số lượng: 92 )"",""Xác định kết quả"":""Kết quả quay số có ba số trùng nhau bất kỳ""},""row_index"":6,""table_index"":4}",https://vietlott.vn/vi/trung-thuong/ket-qua-trung-thuong/view-detail-bingo18-result?nocatche=1&id=0171710
bingo18,tabSelNumberInfo,Kết quả quay số có hai số 1,Kết quả quay số có hai số 1,20000,"{""columns"":{""Giá trị trúng thưởng"":""20.000"",""Xác định kết quả"":""Kết quả quay số có hai số 1""},""row_index"":1,""table_index"":2}",https://vietlott.vn/vi/trung-thuong/ket-qua-trung-thuong/view-detail-bingo18-result?nocatche=1&id=0171700
bingo18,tabSelNumberInfo,Kết quả quay số có hai số 2,Kết quả quay số có hai số 2,20000,"{""columns"":{""Giá trị trúng thưởng"":""20.000"",""Xác định kết quả"":""Kết quả quay số có hai số 2""},""row_index"":4,""table_index"":2}",https://vietlott.vn/vi/trung-thuong/ket-qua-trung-thuong/view-detail-bingo18-result?nocatche=1&id=0171700
bingo18,tabSelNumberInfo,Kết quả quay số có hai số 2,Kết quả quay số có hai số 2,200002,"{""columns"":{""Giá trị trúng thưởng"":""20.000 ( Số lượng: 2 )"",""Xác định kết quả"":""Kết quả quay số có hai số 2""},""row_index"":4,""table_index"":2}",https://vietlott.vn/vi/trung-thuong/ket-qua-trung-thuong/view-detail-bingo18-result?nocatche=1&id=0171706
bingo18,tabSelNumberInfo,Kết quả quay số có hai số 2,Kết quả quay số có hai số 2,200003,"{""columns"":{""Giá trị trúng thưởng"":""20.000 ( Số lượng: 3 )"",""Xác định kết quả"":""Kết quả quay số có hai số 2""},""row_index"":4,""table_index"":2}",https://vietlott.vn/vi/trung-thuong/ket-qua-trung-thuong/view-detail-bingo18-result?nocatche=1&id=0171716
bingo18,tabSelNumberInfo,Kết quả quay số có hai số 3,Kết quả quay số có hai số 3,20000,"{""columns"":{""Giá trị trúng thưởng"":""20.000"",""Xác định kết quả"":""Kết quả quay số có hai số 3""},""row_index"":7,""table_index"":2}",https://vietlott.vn/vi/trung-thuong/ket-qua-trung-thuong/view-detail-bingo18-result?nocatche=1&id=0171700
bingo18,tabSelNumberInfo,Kết quả quay số có hai số 3,Kết quả quay số có hai số 3,2000015,"{""columns"":{""Giá trị trúng thưởng"":""20.000 ( Số lượng: 15 )"",""Xác định kết quả"":""Kết quả quay số có hai số 3""},""row_index"":7,""table_index"":2}",https://vietlott.vn/vi/trung-thuong/ket-qua-trung-thuong/view-detail-bingo18-result?nocatche=1&id=0171713
bingo18,tabSelNumberInfo,Kết quả quay số có hai số 4,Kết quả quay số có hai số 4,20000,"{""columns"":{""Giá trị trúng thưởng"":""20.000"",""Xác định kết quả"":""Kết quả quay số có hai số 4""},""row_index"":10,""table_index"":2}",https://vietlott.vn/vi/trung-thuong/ket-qua-trung-thuong/view-detail-bingo18-result?nocatche=1&id=0171700
bingo18,tabSelNumberInfo,Kết quả quay số có hai số 4,Kết quả quay số có hai số 4,200004,"{""columns"":{""Giá trị trúng thưởng"":""20.000 ( Số lượng: 4 )"",""Xác định kết quả"":""Kết quả quay số có hai số 4""},""row_index"":10,""table_index"":2}",https://vietlott.vn/vi/trung-thuong/ket-qua-trung-thuong/view-detail-bingo18-result?nocatche=1&id=0171704
bingo18,tabSelNumberInfo,Kết quả quay số có hai số 5,Kết quả quay số có hai số 5,20000,"{""columns"":{""Giá trị trúng thưởng"":""20.000"",""Xác định kết quả"":""Kết quả quay số có hai số 5""},""row_index"":13,""table_index"":2}",https://vietlott.vn/vi/trung-thuong/ket-qua-trung-thuong/view-detail-bingo18-result?nocatche=1&id=0171700
bingo18,tabSelNumberInfo,Kết quả quay số có hai số 5,Kết quả quay số có hai số 5,200007,"{""columns"":{""Giá trị trúng thưởng"":""20.000 ( Số lượng: 7 )"",""Xác định kết quả"":""Kết quả quay số có hai số 5""},""row_index"":13,""table_index"":2}",https://vietlott.vn/vi/trung-thuong/ket-qua-trung-thuong/view-detail-bingo18-result?nocatche=1&id=0171728
bingo18,tabSelNumberInfo,Kết quả quay số có hai số 5,Kết quả quay số có hai số 5,2000032,"{""columns"":{""Giá trị trúng thưởng"":""20.000 ( Số lượng: 32 )"",""Xác định kết quả"":""Kết quả quay số có hai số 5""},""row_index"":13,""table_index"":2}",https://vietlott.vn/vi/trung-thuong/ket-qua-trung-thuong/view-detail-bingo18-result?nocatche=1&id=0171707
bingo18,tabSelNumberInfo,Kết quả quay số có hai số 6,Kết quả quay số có hai số 6,20000,"{""columns"":{""Giá trị trúng thưởng"":""20.000"",""Xác định kết quả"":""Kết quả quay số có hai số 6""},""row_index"":16,""table_index"":2}",https://vietlott.vn/vi/trung-thuong/ket-qua-trung-thuong/view-detail-bingo18-result?nocatche=1&id=0171700
bingo18,tabSelNumberInfo,Kết quả quay số có hai số 6,Kết quả quay số có hai số 6,200001,"{""columns"":{""Giá trị trúng thưởng"":""20.000 ( Số lượng: 1 )"",""Xác định kết quả"":""Kết quả quay số có hai số 6""},""row_index"":16,""table_index"":2}",https://vietlott.vn/vi/trung-thuong/ket-qua-trung-thuong/view-detail-bingo18-result?nocatche=1&id=0171702
bingo18,tabSelNumberInfo,Kết quả quay số có ít nhất hai số 1,Kết quả quay số có ít nhất hai số 1,75000,"{""columns"":{""Giá trị trúng thưởng"":""75.000"",""Xác định kết quả"":""Kết quả quay số có ít nhất hai số 1""},""row_index"":0,""table_index"":3}",https://vietlott.vn/vi/trung-thuong/ket-qua-trung-thuong/view-detail-bingo18-result?nocatche=1&id=0171700
bingo18,tabSelNumberInfo,Kết quả quay số có ít nhất hai số 1,Kết quả quay số có ít nhất hai số 1,7500029,"{""columns"":{""Giá trị trúng thưởng"":""75.000 ( Số lượng: 29 )"",""Xác định kết quả"":""Kết quả quay số có ít nhất hai số 1""},""row_index"":0,""table_index"":3}",https://vietlott.vn/vi/trung-thuong/ket-qua-trung-thuong/view-detail-bingo18-result?nocatche=1&id=0171710
bingo18,tabSelNumberInfo,Kết quả quay số có ít nhất hai số 2,Kết quả quay số có ít nhất hai số 2,75000,"{""columns"":{""Giá trị trúng thưởng"":""75.000"",""Xác định kết quả"":""Kết quả quay số có ít nhất hai số 2""},""row_index"":1,""table_index"":3}",https://vietlott.vn/vi/trung-thuong/ket-qua-trung-thuong/view-detail-bingo18-result?nocatche=1&id=0171700
bingo18,tabSelNumberInfo,Kết quả quay số có ít nhất hai số 2,Kết quả quay số có ít nhất hai số 2,750008,"{""columns"":{""Giá trị trúng thưởng"":""75.000 ( Số lượng: 8 )"",""Xác định kết quả"":""Kết quả quay số có ít nhất hai số 2""},""row_index"":1,""table_index"":3}",https://vietlott.vn/vi/trung-thuong/ket-qua-trung-thuong/view-detail-bingo18-result?nocatche=1&id=0171706
bingo18,tabSelNumberInfo,Kết quả quay số có ít nhất hai số 2,Kết quả quay số có ít nhất hai số 2,750009,"{""columns"":{""Giá trị trúng thưởng"":""75.000 ( Số lượng: 9 )"",""Xác định kết quả"":""Kết quả quay số có ít nhất hai số 2""},""row_index"":1,""table_index"":3}",https://vietlott.vn/vi/trung-thuong/ket-qua-trung-thuong/view-detail-bingo18-result?nocatche=1&id=0171719
bingo18,tabSelNumberInfo,Kết quả quay số có ít nhất hai số 2,Kết quả quay số có ít nhất hai số 2,7500021,"{""columns"":{""Giá trị trúng thưởng"":""75.000 ( Số lượng: 21 )"",""Xác định kết quả"":""Kết quả quay số có ít nhất hai số 2""},""row_index"":1,""table_index"":3}",https://vietlott.vn/vi/trung-thuong/ket-qua-trung-thuong/view-detail-bingo18-result?nocatche=1&id=0171716
bingo18,tabSelNumberInfo,Kết quả quay số có ít nhất hai số 3,Kết quả quay số có ít nhất hai số 3,75000,"{""columns"":{""Giá trị trúng thưởng"":""75.000"",""Xác định kết quả"":""Kết quả quay số có ít nhất hai số 3""},""row_index"":2,""table_index"":3}",https://vietlott.vn/vi/trung-thuong/ket-qua-trung-thuong/view-detail-bingo18-result?nocatche=1&id=0171700
bingo18,tabSelNumberInfo,Kết quả quay số có ít nhất hai số 3,Kết quả quay số có ít nhất hai số 3,7500014,"{""columns"":{""Giá trị trúng thưởng"":""75.000 ( Số lượng: 14 )"",""Xác định kết quả"":""Kết quả quay số có ít nhất hai số 3""},""row_index"":2,""table_index"":3}",https://vietlott.vn/vi/trung-thuong/ket-qua-trung-thuong/view-detail-bingo18-result?nocatche=1&id=0171722
bingo18,tabSelNumberInfo,Kết quả quay số có ít nhất hai số 3,Kết quả quay số có ít nhất hai số 3,7500072,"{""columns"":{""Giá trị trúng thưởng"":""75.000 ( Số lượng: 72 )"",""Xác định kết quả"":""Kết quả quay số có ít nhất hai số 3""},""row_index"":2,""table_index"":3}",https://vietlott.vn/vi/trung-thuong/ket-qua-trung-thuong/view-detail-bingo18-result?nocatche=1&id=0171713
bingo18,tabSelNumberInfo,Kết quả quay số có ít nhất hai số 4,Kết quả quay số có ít nhất hai số 4,75000,"{""columns"":{""Giá trị trúng thưởng"":""75.000"",""Xác định kết quả"":""Kết quả quay số có ít nhất hai số 4""},""row_index"":3,""table_index"":3}",https://vietlott.vn/vi/trung-thuong/ket-qua-trung-thuong/view-detail-bingo18-result?nocatche=1&id=0171700
bingo18,tabSelNumberInfo,Kết quả quay số có ít nhất hai số 4,Kết quả quay số có ít nhất hai số 4,7500039,"{""columns"":{""Giá trị trúng thưởng"":""75.000 ( Số lượng: 39 )"",""Xác định kết quả"":""Kết quả quay số có ít nhất hai số 4""},""row_index"":3,""table_index"":3}",https://vietlott.vn/vi/trung-thuong/ket-qua-trung-thuong/view-detail-bingo18-result?nocatche=1&id=0171704
bingo18,tabSelNumberInfo,Kết quả quay số có ít nhất hai số 5,Kết quả quay số có ít nhất hai số 5,75000,"{""columns"":{""Giá trị trúng thưởng"":""75.000"",""Xác định kết quả"":""Kết quả quay số có ít nhất hai số 5""},""row_index"":4,""table_index"":3}",https://vietlott.vn/vi/trung-thuong/ket-qua-trung-thuong/view-detail-bingo18-result?nocatche=1&id=0171700
bingo18,tabSelNumberInfo,Kết quả quay số có ít nhất hai số 5,Kết quả quay số có ít nhất hai số 5,7500072,"{""columns"":{""Giá trị trúng thưởng"":""75.000 ( Số lượng: 72 )"",""Xác định kết quả"":""Kết quả quay số có ít nhất hai số 5""},""row_index"":4,""table_index"":3}",https://vietlott.vn/vi/trung-thuong/ket-qua-trung-thuong/view-detail-bingo18-result?nocatche=1&id=0171728
bingo18,tabSelNumberInfo,Kết quả quay số có ít nhất hai số 5,Kết quả quay số có ít nhất hai số 5,7500088,"{""columns"":{""Giá trị trúng thưởng"":""75.000 ( Số lượng: 88 )"",""Xác định kết quả"":""Kết quả quay số có ít nhất hai số 5""},""row_index"":4,""table_index"":3}",https://vietlott.vn/vi/trung-thuong/ket-qua-trung-thuong/view-detail-bingo18-result?nocatche=1&id=0171707
bingo18,tabSelNumberInfo,Kết quả quay số có ít nhất hai số 6,Kết quả quay số có ít nhất hai số 6,75000,"{""columns"":{""Giá trị trúng thưởng"":""75.000"",""Xác định kết quả"":""Kết quả quay số có ít nhất hai số 6""},""row_index"":5,""table_index"":3}",https://vietlott.vn/vi/trung-thuong/ket-qua-trung-thuong/view-detail-bingo18-result?nocatche=1&id=0171700
bingo18,tabSelNumberInfo,Kết quả quay số có ít nhất hai số 6,Kết quả quay số có ít nhất hai số 6,7500014,"{""columns"":{""Giá trị trúng thưởng"":""75.000 ( Số lượng: 14 )"",""Xác định kết quả"":""Kết quả quay số có ít nhất hai số 6""},""row_index"":5,""table_index"":3}",https://vietlott.vn/vi/trung-thuong/ket-qua-trung-thuong/view-detail-bingo18-result?nocatche=1&id=0171708
bingo18,tabSelNumberInfo,Kết quả quay số có ít nhất hai số 6,Kết quả quay số có ít nhất hai số 6,7500046,"{""columns"":{""Giá trị trúng thưởng"":""75.000 ( Số lượng: 46 )"",""Xác định kết quả"":""Kết quả quay số có ít nhất hai số 6""},""row_index"":5,""table_index"":3}",https://vietlott.vn/vi/trung-thuong/ket-qua-trung-thuong/view-detail-bingo18-result?nocatche=1&id=0171702
bingo18,tabSelNumberInfo,Kết quả quay số có ít nhất hai số 6,Kết quả quay số có ít nhất hai số 6,7500065,"{""columns"":{""Giá trị trúng thưởng"":""75.000 ( Số lượng: 65 )"",""Xác định kết quả"":""Kết quả quay số có ít nhất hai số 6""},""row_index"":5,""table_index"":3}",https://vietlott.vn/vi/trung-thuong/ket-qua-trung-thuong/view-detail-bingo18-result?nocatche=1&id=0171701
bingo18,tabSelNumberInfo,Kết quả quay số có ít nhất hai số 6,Kết quả quay số có ít nhất hai số 6,7500073,"{""columns"":{""Giá trị trúng thưởng"":""75.000 ( Số lượng: 73 )"",""Xác định kết quả"":""Kết quả quay số có ít nhất hai số 6""},""row_index"":5,""table_index"":3}",https://vietlott.vn/vi/trung-thuong/ket-qua-trung-thuong/view-detail-bingo18-result?nocatche=1&id=0171703
bingo18,tabSelNumberInfo,Tổng kết quả ba lần quay số là 10,Tổng kết quả ba lần quay số là 10,44000,"{""columns"":{""Giá trị trúng thưởng"":""44.000"",""Xác định kết quả"":""Tổng kết quả ba lần quay số là 10""},""row_index"":7,""table_index"":5}",https://vietlott.vn/vi/trung-thuong/ket-qua-trung-thuong/view-detail-bingo18-result?nocatche=1&id=0171700
bingo18,tabSelNumberInfo,Tổng kết quả ba lần quay số là 10,Tổng kết quả ba lần quay số là 10,4400049,"{""columns"":{""Giá trị trúng thưởng"":""44.000 ( Số lượng: 49 )"",""Xác định kết quả"":""Tổng kết quả ba lần quay số là 10""},""row_index"":7,""table_index"":5}",https://vietlott.vn/vi/trung-thuong/ket-qua-trung-thuong/view-detail-bingo18-result?nocatche=1&id=0171718
bingo18,tabSelNumberInfo,Tổng kết quả ba lần quay số là 10,Tổng kết quả ba lần quay số là 10,4400098,"{""columns"":{""Giá trị trúng thưởng"":""44.000 ( Số lượng: 98 )"",""Xác định kết quả"":""Tổng kết quả ba lần quay số là 10""},""row_index"":7,""table_index"":5}",https://vietlott.vn/vi/trung-thuong/ket-qua-trung-thuong/view-detail-bingo18-result?nocatche=1&id=0171727
bingo18,tabSelNumberInfo,Tổng kết quả ba lần quay số là 10,Tổng kết quả ba lần quay số là 10,44000254,"{""columns"":{""Giá trị trúng thưởng"":""44.000 ( Số lượng: 254 )"",""Xác định kết quả"":""Tổng kết quả ba lần quay số là 10""},""row_index"":7,""table_index"":5}",https://vietlott.vn/vi/trung-thuong/ket-qua-trung-thuong/view-detail-bingo18-result?nocatche=1&id=0171729
bingo18,tabSelNumberInfo,Tổng kết quả ba lần quay số là 10,Tổng kết quả ba lần quay số là 10,44000380,"{""columns"":{""Giá trị trúng thưởng"":""44.000 ( Số lượng: 380 )"",""Xác định kết quả"":""Tổng kết quả ba lần quay số là 10""},""row_index"":7,""table_index"":5}",https://vietlott.vn/vi/trung-thuong/ket-qua-trung-thuong/view-detail-bingo18-result?nocatche=1&id=0171712
bingo18,tabSelNumberInfo,Tổng kết quả ba lần quay số là 10 hoặc 11,Tổng kết quả ba lần quay số là 10 hoặc 11,20000,"{""columns"":{""Giá trị trúng thưởng"":""20.000"",""Xác định kết quả"":""Tổng kết quả ba lần quay số là 10 hoặc 11""},""row_index"":1,""table_index"":6}",https://vietlott.vn/vi/trung-thuong/ket-qua-trung-thuong/view-detail-bingo18-result?nocatche=1&id=0171700
bingo18,tabSelNumberInfo,Tổng kết quả ba lần quay số là 10 hoặc 11,Tổng kết quả ba lần quay số là 10 hoặc 11,2000039,"{""columns"":{""Giá trị trúng thưởng"":""20.000 ( Số lượng: 39 )"",""Xác định kết quả"":""Tổng kết quả ba lần quay số là 10 hoặc 11""},""row_index"":1,""table_index"":6}",https://vietlott.vn/vi/trung-thuong/ket-qua-trung-thuong/view-detail-bingo18-result?nocatche=1&id=0171727
bingo18,tabSelNumberInfo,Tổng kết quả ba lần quay số là 10 hoặc 11,Tổng kết quả ba lần quay số là 10 hoặc 11,2000047,"{""columns"":{""Giá trị trúng thưởng"":""20.000 ( Số lượng: 47 )"",""Xác định kết quả"":""Tổng kết quả ba lần quay số là 10 hoặc 11""},""row_index"":1,""table_index"":6}",https://vietlott.vn/vi/trung-thuong/ket-qua-trung-thuong/view-detail-bingo18-result?nocatche=1&id=0171728
bingo18,tabSelNumberInfo,Tổng kết quả ba lần quay số là 10 hoặc 11,Tổng kết quả ba lần quay số là 10 hoặc 11,2000097,"{""columns"":{""Giá trị trúng thưởng"":""20.000 ( Số lượng: 97 )"",""Xác định kết quả"":""Tổng kết quả ba lần quay số là 10 hoặc 11""},""row_index"":1,""table_index"":6}",https://vietlott.vn/vi/trung-thuong/ket-qua-trung-thuong/view-detail-bingo18-result?nocatche=1&id=0171726
bingo18,tabSelNumberInfo,Tổng kết quả ba lần quay số là 10 hoặc 11,Tổng kết quả ba lần quay số là 10 hoặc 11,20000140,"{""columns"":{""Giá trị trúng thưởng"":""20.000 ( Số lượng: 140 )"",""Xác định kết quả"":""Tổng kết quả ba lần quay số là 10 hoặc 11""},""row_index"":1,""table_index"":6}",https://vietlott.vn/vi/trung-thuong/ket-qua-trung-thuong/view-detail-bingo18-result?nocatche=1&id=0171729
bingo18,tabSelNumberInfo,Tổng kết quả ba lần quay số là 10 hoặc 11,Tổng kết quả ba lần quay số là 10 hoặc 11,20000146,"{""columns"":{""Giá trị trúng thưởng"":""20.000 ( Số lượng: 146 )"",""Xác định kết quả"":""Tổng kết quả ba lần quay số là 10 hoặc 11""},""row_index"":1,""table_index"":6}",https://vietlott.vn/vi/trung-thuong/ket-qua-trung-thuong/view-detail-bingo18-result?nocatche=1&id=0171713
bingo18,tabSelNumberInfo,Tổng kết quả ba lần quay số là 10 hoặc 11,Tổng kết quả ba lần quay số là 10 hoặc 11,20000154,"{""columns"":{""Giá trị trúng thưởng"":""20.000 ( Số lượng: 154 )"",""Xác định kết quả"":""Tổng kết quả ba lần quay số là 10 hoặc 11""},""row_index"":1,""table_index"":6}",https://vietlott.vn/vi/trung-thuong/ket-qua-trung-thuong/view-detail-bingo18-result?nocatche=1&id=0171725
bingo18,tabSelNumberInfo,Tổng kết quả ba lần quay số là 10 hoặc 11,Tổng kết quả ba lần quay số là 10 hoặc 11,20000316,"{""columns"":{""Giá trị trúng thưởng"":""20.000 ( Số lượng: 316 )"",""Xác định kết quả"":""Tổng kết quả ba lần quay số là 10 hoặc 11""},""row_index"":1,""table_index"":6}",https://vietlott.vn/vi/trung-thuong/ket-qua-trung-thuong/view-detail-bingo18-result?nocatche=1&id=0171718
bingo18,tabSelNumberInfo,Tổng kết quả ba lần quay số là 10 hoặc 11,Tổng kết quả ba lần quay số là 10 hoặc 11,20000356,"{""columns"":{""Giá trị trúng thưởng"":""20.000 ( Số lượng: 356 )"",""Xác định kết quả"":""Tổng kết quả ba lần quay số là 10 hoặc 11""},""row_index"":1,""table_index"":6}",https://vietlott.vn/vi/trung-thuong/ket-qua-trung-thuong/view-detail-bingo18-result?nocatche=1&id=0171712
bingo18,tabSelNumberInfo,Tổng kết quả ba lần quay số là 11,Tổng kết quả ba lần quay số là 11,44000,"{""columns"":{""Giá trị trúng thưởng"":""44.000"",""Xác định kết quả"":""Tổng kết quả ba lần quay số là 11""},""row_index"":8,""table_index"":5}",https://vietlott.vn/vi/trung-thuong/ket-qua-trung-thuong/view-detail-bingo18-result?nocatche=1&id=0171700
bingo18,tabSelNumberInfo,Tổng kết quả ba lần quay số là 11,Tổng kết quả ba lần quay số là 11,4400066,"{""columns"":{""Giá trị trúng thưởng"":""44.000 ( Số lượng: 66 )"",""Xác định kết quả"":""Tổng kết quả ba lần quay số là 11""},""row_index"":8,""table_index"":5}",https://vietlott.vn/vi/trung-thuong/ket-qua-trung-thuong/view-detail-bingo18-result?nocatche=1&id=0171728
bingo18,tabSelNumberInfo,Tổng kết quả ba lần quay số là 11,Tổng kết quả ba lần quay số là 11,4400075,"{""columns"":{""Giá trị trúng thưởng"":""44.000 ( Số lượng: 75 )"",""Xác định kết quả"":""Tổng kết quả ba lần quay số là 11""},""row_index"":8,""table_index"":5}",https://vietlott.vn/vi/trung-thuong/ket-qua-trung-thuong/view-detail-bingo18-result?nocatche=1&id=0171726
bingo18,tabSelNumberInfo,Tổng kết quả ba lần quay số là 11,Tổng kết quả ba lần quay số là 11,44000155,"{""columns"":{""Giá trị trúng thưởng"":""44.000 ( Số lượng: 155 )"",""Xác định kết quả"":""Tổng kết quả ba lần quay số là 11""},""row_index"":8,""table_index"":5}",https://vietlott.vn/vi/trung-thuong/ket-qua-trung-thuong/view-detail-bingo18-result?nocatche=1&id=0171725
bingo18,tabSelNumberInfo,Tổng kết quả ba lần quay số là 11,Tổng kết quả ba lần quay số là 11,44000204,"{""columns"":{""Giá trị trúng thưởng"":""44.000 ( Số lượng: 204 )"",""Xác định kết quả"":""Tổng kết quả ba lần quay số là 11""},""row_index"":8,""table_index"":5}",https://vietlott.vn/vi/trung-thuong/ket-qua-trung-thuong/view-detail-bingo18-result?nocatche=1&id=0171713
bingo18,tabSelNumberInfo,Tổng kết quả ba lần quay số là 12,Tổng kết quả ba lần quay số là 12,47000,"{""columns"":{""Giá trị trúng thưởng"":""47.000"",""Xác định kết quả"":""Tổng kết quả ba lần quay số là 12""},""row_index"":9,""table_index"":5}",https://vietlott.vn/vi/trung-thuong/ket-qua-trung-thuong/view-detail-bingo18-result?nocatche=1&id=0171700
bingo18,tabSelNumberInfo,Tổng kết quả ba lần quay số là 12,Tổng kết quả ba lần quay số là 12,4700083,"{""columns"":{""Giá trị trúng thưởng"":""47.000 ( Số lượng: 83 )"",""Xác định kết quả"":""Tổng kết quả ba lần quay số là 12""},""row_index"":9,""table_index"":5}",https://vietlott.vn/vi/trung-thuong/ket-qua-trung-thuong/view-detail-bingo18-result?nocatche=1&id=0171723
bingo18,tabSelNumberInfo,Tổng kết quả ba lần quay số là 12,Tổng kết quả ba lần quay số là 12,4700084,"{""columns"":{""Giá trị trúng thưởng"":""47.000 ( Số lượng: 84 )"",""Xác định kết quả"":""Tổng kết quả ba lần quay số là 12""},""row_index"":9,""table_index"":5}",https://vietlott.vn/vi/trung-thuong/ket-qua-trung-thuong/view-detail-bingo18-result?nocatche=1&id=0171705
bingo18,tabSelNumberInfo,Tổng kết quả ba lần quay số là 12 hoặc 18,Tổng kết quả ba lần quay số là 12 hoặc 18,15000,"{""columns"":{""Giá trị trúng thưởng"":""15.000"",""Xác định kết quả"":""Tổng kết quả ba lần quay số là 12 hoặc 18""},""row_index"":2,""table_index"":6}",https://vietlott.vn/vi/trung-thuong/ket-qua-trung-thuong/view-detail-bingo18-result?nocatche=1&id=0171700
bingo18,tabSelNumberInfo,Tổng kết quả ba lần quay số là 12 hoặc 18,Tổng kết quả ba lần quay số là 12 hoặc 18,15000205,"{""columns"":{""Giá trị trúng thưởng"":""15.000 ( Số lượng: 205 )"",""Xác định kết quả"":""Tổng kết quả ba lần quay số là 12 hoặc 18""},""row_index"":2,""table_index"":6}",https://vietlott.vn/vi/trung-thuong/ket-qua-trung-thuong/view-detail-bingo18-result?nocatche=1&id=0171711
bingo18,tabSelNumberInfo,Tổng kết quả ba lần quay số là 12 hoặc 18,Tổng kết quả ba lần quay số là 12 hoặc 18,15000224,"{""columns"":{""Giá trị trúng thưởng"":""15.000 ( Số lượng: 224 )"",""Xác định kết quả"":""Tổng kết quả ba lần quay số là 12 hoặc 18""},""row_index"":2,""table_index"":6}",https://vietlott.vn/vi/trung-thuong/ket-qua-trung-thuong/view-detail-bingo18-result?nocatche=1&id=0171705
bingo18,tabSelNumberInfo,Tổng kết quả ba lần quay số là 12 hoặc 18,Tổng kết quả ba lần quay số là 12 hoặc 18,15000237,"{""columns"":{""Giá trị trúng thưởng"":""15.000 ( Số lượng: 237 )"",""Xác định kết quả"":""Tổng kết quả ba lần quay số là 12 hoặc 18""},""row_index"":2,""table_index"":6}",https://vietlott.vn/vi/trung-thuong/ket-qua-trung-thuong/view-detail-bingo18-result?nocatche=1&id=0171702
bingo18,tabSelNumberInfo,Tổng kết quả ba lần quay số là 12 hoặc 18,Tổng kết quả ba lần quay số là 12 hoặc 18,15000245,"{""columns"":{""Giá trị trúng thưởng"":""15.000 ( Số lượng: 245 )"",""Xác định kết quả"":""Tổng kết quả ba lần quay số là 12 hoặc 18""},""row_index"":2,""table_index"":6}",https://vietlott.vn/vi/trung-thuong/ket-qua-trung-thuong/view-detail-bingo18-result?nocatche=1&id=0171714
bingo18,tabSelNumberInfo,Tổng kết quả ba lần quay số là 12 hoặc 18,Tổng kết quả ba lần quay số là 12 hoặc 18,15000254,"{""columns"":{""Giá trị trúng thưởng"":""15.000 ( Số lượng: 254 )"",""Xác định kết quả"":""Tổng kết quả ba lần quay số là 12 hoặc 18""},""row_index"":2,""table_index"":6}",https://vietlott.vn/vi/trung-thuong/ket-qua-trung-thuong/view-detail-bingo18-result?nocatche=1&id=0171703
bingo18,tabSelNumberInfo,Tổng kết quả ba lần quay số là 12 hoặc 18,Tổng kết quả ba lần quay số là 12 hoặc 18,15000265,"{""columns"":{""Giá trị trúng thưởng"":""15.000 ( Số lượng: 265 )"",""Xác định kết quả"":""Tổng kết quả ba lần quay số là 12 hoặc 18""},""row_index"":2,""table_index"":6}",https://vietlott.vn/vi/trung-thuong/ket-qua-trung-thuong/view-detail-bingo18-result?nocatche=1&id=0171707
bingo18,tabSelNumberInfo,Tổng kết quả ba lần quay số là 12 hoặc 18,Tổng kết quả ba lần quay số là 12 hoặc 18,15000308,"{""columns"":{""Giá trị trúng thưởng"":""15.000 ( Số lượng: 308 )"",""Xác định kết quả"":""Tổng kết quả ba lần quay số là 12 hoặc 18""},""row_index"":2,""table_index"":6}",https://vietlott.vn/vi/trung-thuong/ket-qua-trung-thuong/view-detail-bingo18-result?nocatche=1&id=0171701
bingo18,tabSelNumberInfo,Tổng kết quả ba lần quay số là 12 hoặc 18,Tổng kết quả ba lần quay số là 12 hoặc 18,15000315,"{""columns"":{""Giá trị trúng thưởng"":""15.000 ( Số lượng: 315 )"",""Xác định kết quả"":""Tổng kết quả ba lần quay số là 12 hoặc 18""},""row_index"":2,""table_index"":6}",https://vietlott.vn/vi/trung-thuong/ket-qua-trung-thuong/view-detail-bingo18-result?nocatche=1&id=0171708
bingo18,tabSelNumberInfo,Tổng kết quả ba lần quay số là 12 hoặc 18,Tổng kết quả ba lần quay số là 12 hoặc 18,15000343,"{""columns"":{""Giá trị trúng thưởng"":""15.000 ( Số lượng: 343 )"",""Xác định kết quả"":""Tổng kết quả ba lần quay số là 12 hoặc 18""},""row_index"":2,""table_index"":6}",https://vietlott.vn/vi/trung-thuong/ket-qua-trung-thuong/view-detail-bingo18-result?nocatche=1&id=0171709
bingo18,tabSelNumberInfo,Tổng kết quả ba lần quay số là 12 hoặc 18,Tổng kết quả ba lần quay số là 12 hoặc 18,15000489,"{""columns"":{""Giá trị trúng thưởng"":""15.000 ( Số lượng: 489 )"",""Xác định kết quả"":""Tổng kết quả ba lần quay số là 12 hoặc 18""},""row_index"":2,""table_index"":6}",https://vietlott.vn/vi/trung-thuong/ket-qua-trung-thuong/view-detail-bingo18-result?nocatche=1&id=0171724
bingo18,tabSelNumberInfo,Tổng kết quả ba lần quay số là 12 hoặc 18,Tổng kết quả ba lần quay số là 12 hoặc 18,15000548,"{""columns"":{""Giá trị trúng thưởng"":""15.000 ( Số lượng: 548 )"",""Xác định kết quả"":""Tổng kết quả ba lần quay số là 12 hoặc 18""},""row_index"":2,""table_index"":6}",https://vietlott.vn/vi/trung-thuong/ket-qua-trung-thuong/view-detail-bingo18-result?nocatche=1&id=0171723
bingo18,tabSelNumberInfo,Tổng kết quả ba lần quay số là 13,Tổng kết quả ba lần quay số là 13,55000,"{""columns"":{""Giá trị trúng thưởng"":""55.000"",""Xác định kết quả"":""Tổng kết quả ba lần quay số là 13""},""row_index"":10,""table_index"":5}",https://vietlott.vn/vi/trung-thuong/ket-qua-trung-thuong/view-detail-bingo18-result?nocatche=1&id=0171700
bingo18,tabSelNumberInfo,Tổng kết quả ba lần quay số là 13,Tổng kết quả ba lần quay số là 13,55000102,"{""columns"":{""Giá trị trúng thưởng"":""55.000 ( Số lượng: 102 )"",""Xác định kết quả"":""Tổng kết quả ba lần quay số là 13""},""row_index"":10,""table_index"":5}",https://vietlott.vn/vi/trung-thuong/ket-qua-trung-thuong/view-detail-bingo18-result?nocatche=1&id=0171704
bingo18,tabSelNumberInfo,Tổng kết quả ba lần quay số là 14,Tổng kết quả ba lần quay số là 14,80000,"{""columns"":{""Giá trị trúng thưởng"":""80.000"",""Xác định kết quả"":""Tổng kết quả ba lần quay số là 14""},""row_index"":11,""table_index"":5}",https://vietlott.vn/vi/trung-thuong/ket-qua-trung-thuong/view-detail-bingo18-result?nocatche=1&id=0171700
bingo18,tabSelNumberInfo,Tổng kết quả ba lần quay số là 14,Tổng kết quả ba lần quay số là 14,8000041,"{""columns"":{""Giá trị trúng thưởng"":""80.000 ( Số lượng: 41 )"",""Xác định kết quả"":""Tổng kết quả ba lần quay số là 14""},""row_index"":11,""table_index"":5}",https://vietlott.vn/vi/trung-thuong/ket-qua-trung-thuong/view-detail-bingo18-result?nocatche=1&id=0171708
bingo18,tabSelNumberInfo,Tổng kết quả ba lần quay số là 14,Tổng kết quả ba lần quay số là 14,8000048,"{""columns"":{""Giá trị trúng thưởng"":""80.000 ( Số lượng: 48 )"",""Xác định kết quả"":""Tổng kết quả ba lần quay số là 14""},""row_index"":11,""table_index"":5}",https://vietlott.vn/vi/trung-thuong/ket-qua-trung-thuong/view-detail-bingo18-result?nocatche=1&id=0171709
bingo18,tabSelNumberInfo,Tổng kết quả ba lần quay số là 14,Tổng kết quả ba lần quay số là 14,8000063,"{""columns"":{""Giá trị trúng thưởng"":""80.000 ( Số lượng: 63 )"",""Xác định kết quả"":""Tổng kết quả ba lần quay số là 14""},""row_index"":11,""table_index"":5}",https://vietlott.vn/vi/trung-thuong/ket-qua-trung-thuong/view-detail-bingo18-result?nocatche=1&id=0171707
bingo18,tabSelNumberInfo,Tổng kết quả ba lần quay số là 14,Tổng kết quả ba lần quay số là 14,8000082,"{""columns"":{""Giá trị trúng thưởng"":""80.000 ( Số lượng: 82 )"",""Xác định kết quả"":""Tổng kết quả ba lần quay số là 14""},""row_index"":11,""table_index"":5}",https://vietlott.vn/vi/trung-thuong/ket-qua-trung-thuong/view-detail-bingo18-result?nocatche=1&id=0171711
bingo18,tabSelNumberInfo,Tổng kết quả ba lần quay số là 14,Tổng kết quả ba lần quay số là 14,8000098,"{""columns"":{""Giá trị trúng thưởng"":""80.000 ( Số lượng: 98 )"",""Xác định kết quả"":""Tổng kết quả ba lần quay số là 14""},""row_index"":11,""table_index"":5}",https://vietlott.vn/vi/trung-thuong/ket-qua-trung-thuong/view-detail-bingo18-result?nocatche=1&id=0171714
bingo18,tabSelNumberInfo,Tổng kết quả ba lần quay số là 14,Tổng kết quả ba lần quay số là 14,80000161,"{""columns"":{""Giá trị trúng thưởng"":""80.000 ( Số lượng: 161 )"",""Xác định kết quả"":""Tổng kết quả ba lần quay số là 14""},""row_index"":11,""table_index"":5}",https://vietlott.vn/vi/trung-thuong/ket-qua-trung-thuong/view-detail-bingo18-result?nocatche=1&id=0171724
bingo18,tabSelNumberInfo,Tổng kết quả ba lần quay số là 14,Tổng kết quả ba lần quay số là 14,80000191,"{""columns"":{""Giá trị trúng thưởng"":""80.000 ( Số lượng: 191 )"",""Xác định kết quả"":""Tổng kết quả ba lần quay số là 14""},""row_index"":11,""table_index"":5}",https://vietlott.vn/vi/trung-thuong/ket-qua-trung-thuong/view-detail-bingo18-result?nocatche=1&id=0171702
bingo18,tabSelNumberInfo,Tổng kết quả ba lần quay số là 15,Tổng kết quả ba lần quay số là 15,120000,"{""columns"":{""Giá trị trúng thưởng"":""120.000"",""Xác định kết quả"":""Tổng kết quả ba lần quay số là 15""},""row_index"":12,""table_index"":5}",https://vietlott.vn/vi/trung-thuong/ket-qua-trung-thuong/view-detail-bingo18-result?nocatche=1&id=0171700
bingo18,tabSelNumberInfo,Tổng kết quả ba lần quay số là 16,Tổng kết quả ba lần quay số là 16,200000,"{""columns"":{""Giá trị trúng thưởng"":""200.000"",""Xác định kết quả"":""Tổng kết quả ba lần quay số là 16""},""row_index"":13,""table_index"":5}",https://vietlott.vn/vi/trung-thuong/ket-qua-trung-thuong/view-detail-bingo18-result?nocatche=1&id=0171700
bingo18,tabSelNumberInfo,Tổng kết quả ba lần quay số là 17,Tổng kết quả ba lần quay số là 17,400000,"{""columns"":{""Giá trị trúng thưởng"":""400.000"",""Xác định kết quả"":""Tổng kết quả ba lần quay số là 17""},""row_index"":14,""table_index"":5}",https://vietlott.vn/vi/trung-thuong/ket-qua-trung-thuong/view-detail-bingo18-result?nocatche=1&id=0171700
bingo18,tabSelNumberInfo,Tổng kết quả ba lần quay số là 18,Tổng kết quả ba lần quay số là 18,1200000,"{""columns"":{""Giá trị trúng thưởng"":""1.200.000"",""Xác định kết quả"":""Tổng kết quả ba lần quay số là 18""},""row_index"":15,""table_index"":5}",https://vietlott.vn/vi/trung-thuong/ket-qua-trung-thuong/view-detail-bingo18-result?nocatche=1&id=0171700
bingo18,tabSelNumberInfo,Tổng kết quả ba lần quay số là 18,Tổng kết quả ba lần quay số là 18,1200000126,"{""columns"":{""Giá trị trúng thưởng"":""1.200.000 ( Số lượng: 126 )"",""Xác định kết quả"":""Tổng kết quả ba lần quay số là 18""},""row_index"":15,""table_index"":5}",https://vietlott.vn/vi/trung-thuong/ket-qua-trung-thuong/view-detail-bingo18-result?nocatche=1&id=0171703
bingo18,tabSelNumberInfo,Tổng kết quả ba lần quay số là 18,Tổng kết quả ba lần quay số là 18,1200000153,"{""columns"":{""Giá trị trúng thưởng"":""1.200.000 ( Số lượng: 153 )"",""Xác định kết quả"":""Tổng kết quả ba lần quay số là 18""},""row_index"":15,""table_index"":5}",https://vietlott.vn/vi/trung-thuong/ket-qua-trung-thuong/view-detail-bingo18-result?nocatche=1&id=0171701
bingo18,tabSelNumberInfo,Tổng kết quả ba lần quay số là 3,Tổng kết quả ba lần quay số là 3,1200000,"{""columns"":{""Giá trị trúng thưởng"":""1.200.000"",""Xác định kết quả"":""Tổng kết quả ba lần quay số là 3""},""row_index"":0,""table_index"":5}",https://vietlott.vn/vi/trung-thuong/ket-qua-trung-thuong/view-detail-bingo18-result?nocatche=1&id=0171700
bingo18,tabSelNumberInfo,Tổng kết quả ba lần quay số là 3,Tổng kết quả ba lần quay số là 3,1200000114,"{""columns"":{""Giá trị trúng thưởng"":""1.200.000 ( Số lượng: 114 )"",""Xác định kết quả"":""Tổng kết quả ba lần quay số là 3""},""row_index"":0,""table_index"":5}",https://vietlott.vn/vi/trung-thuong/ket-qua-trung-thuong/view-detail-bingo18-result?nocatche=1&id=0171710
bingo18,tabSelNumberInfo,Tổng kết quả ba lần quay số là 4,Tổng kết quả ba lần quay số là 4,400000,"{""columns"":{""Giá trị trúng thưởng"":""400.000"",""Xác định kết quả"":""Tổng kết quả ba lần quay số là 4""},""row_index"":1,""table_index"":5}",https://vietlott.vn/vi/trung-thuong/ket-qua-trung-thuong/view-detail-bingo18-result?nocatche=1&id=0171700
bingo18,tabSelNumberInfo,Tổng kết quả ba lần quay số là 5,Tổng kết quả ba lần quay số là 5,200000,"{""columns"":{""Giá trị trúng thưởng"":""200.000"",""Xác định kết quả"":""Tổng kết quả ba lần quay số là 5""},""row_index"":2,""table_index"":5}",https://vietlott.vn/vi/trung-thuong/ket-qua-trung-thuong/view-detail-bingo18-result?nocatche=1&id=0171700
bingo18,tabSelNumberInfo,Tổng kết quả ba lần quay số là 5,Tổng kết quả ba lần quay số là 5,200000366,"{""columns"":{""Giá trị trúng thưởng"":""200.000 ( Số lượng: 366 )"",""Xác định kết quả"":""Tổng kết quả ba lần quay số là 5""},""row_index"":2,""table_index"":5}",https://vietlott.vn/vi/trung-thuong/ket-qua-trung-thuong/view-detail-bingo18-result?nocatche=1&id=0171706
bingo18,tabSelNumberInfo,Tổng kết quả ba lần quay số là 6,Tổng kết quả ba lần quay số là 6,120000,"{""columns"":{""Giá trị trúng thưởng"":""120.000"",""Xác định kết quả"":""Tổng kết quả ba lần quay số là 6""},""row_index"":3,""table_index"":5}",https://vietlott.vn/vi/trung-thuong/ket-qua-trung-thuong/view-detail-bingo18-result?nocatche=1&id=0171701
bingo18,tabSelNumberInfo,Tổng kết quả ba lần quay số là 6,Tổng kết quả ba lần quay số là 6,120000114,"{""columns"":{""Giá trị trúng thưởng"":""120.000 ( Số lượng: 114 )"",""Xác định kết quả"":""Tổng kết quả ba lần quay số là 6""},""row_index"":3,""table_index"":5}",https://vietlott.vn/vi/trung-thuong/ket-qua-trung-thuong/view-detail-bingo18-result?nocatche=1&id=0171700
bingo18,tabSelNumberInfo,Tổng kết quả ba lần quay số là 7,Tổng kết quả ba lần quay số là 7,80000,"{""columns"":{""Giá trị trúng thưởng"":""80.000"",""Xác định kết quả"":""Tổng kết quả ba lần quay số là 7""},""row_index"":4,""table_index"":5}",https://vietlott.vn/vi/trung-thuong/ket-qua-trung-thuong/view-detail-bingo18-result?nocatche=1&id=0171700
bingo18,tabSelNumberInfo,Tổng kết quả ba lần quay số là 7,Tổng kết quả ba lần quay số là 7,80000150,"{""columns"":{""Giá trị trúng thưởng"":""80.000 ( Số lượng: 150 )"",""Xác định kết quả"":""Tổng kết quả ba lần quay số là 7""},""row_index"":4,""table_index"":5}",https://vietlott.vn/vi/trung-thuong/ket-qua-trung-thuong/view-detail-bingo18-result?nocatche=1&id=0171721
bingo18,tabSelNumberInfo,Tổng kết quả ba lần quay số là 8,Tổng kết quả ba lần quay số là 8,55000,"{""columns"":{""Giá trị trúng thưởng"":""55.000"",""Xác định kết quả"":""Tổng kết quả ba lần quay số là 8""},""row_index"":5,""table_index"":5}",https://vietlott.vn/vi/trung-thuong/ket-qua-trung-thuong/view-detail-bingo18-result?nocatche=1&id=0171700
bingo18,tabSelNumberInfo,Tổng kết quả ba lần quay số là 8,Tổng kết quả ba lần quay số là 8,5500028,"{""columns"":{""Giá trị trúng thưởng"":""55.000 ( Số lượng: 28 )"",""Xác định kết quả"":""Tổng kết quả ba lần quay số là 8""},""row_index"":5,""table_index"":5}",https://vietlott.vn/vi/trung-thuong/ket-qua-trung-thuong/view-detail-bingo18-result?nocatche=1&id=0171717
bingo18,tabSelNumberInfo,Tổng kết quả ba lần quay số là 8,Tổng kết quả ba lần quay số là 8,5500035,"{""columns"":{""Giá trị trúng thưởng"":""55.000 ( Số lượng: 35 )"",""Xác định kết quả"":""Tổng kết quả ba lần quay số là 8""},""row_index"":5,""table_index"":5}",https://vietlott.vn/vi/trung-thuong/ket-qua-trung-thuong/view-detail-bingo18-result?nocatche=1&id=0171722
bingo18,tabSelNumberInfo,Tổng kết quả ba lần quay số là 8,Tổng kết quả ba lần quay số là 8,5500091,"{""columns"":{""Giá trị trúng thưởng"":""55.000 ( Số lượng: 91 )"",""Xác định kết quả"":""Tổng kết quả ba lần quay số là 8""},""row_index"":5,""table_index"":5}",https://vietlott.vn/vi/trung-thuong/ket-qua-trung-thuong/view-detail-bingo18-result?nocatche=1&id=0171715
bingo18,tabSelNumberInfo,Tổng kết quả ba lần quay số là 9,Tổng kết quả ba lần quay số là 9,47000,"{""columns"":{""Giá trị trúng thưởng"":""47.000"",""Xác định kết quả"":""Tổng kết quả ba lần quay số là 9""},""row_index"":6,""table_index"":5}",https://vietlott.vn/vi/trung-thuong/ket-qua-trung-thuong/view-detail-bingo18-result?nocatche=1&id=0171700
bingo18,tabSelNumberInfo,Tổng kết quả ba lần quay số là 9,Tổng kết quả ba lần quay số là 9,4700033,"{""columns"":{""Giá trị trúng thưởng"":""47.000 ( Số lượng: 33 )"",""Xác định kết quả"":""Tổng kết quả ba lần quay số là 9""},""row_index"":6,""table_index"":5}",https://vietlott.vn/vi/trung-thuong/ket-qua-trung-thuong/view-detail-bingo18-result?nocatche=1&id=0171719
bingo18,tabSelNumberInfo,Tổng kết quả ba lần quay số là 9,Tổng kết quả ba lần quay số là 9,4700085,"{""columns"":{""Giá trị trúng thưởng"":""47.000 ( Số lượng: 85 )"",""Xác định kết quả"":""Tổng kết quả ba lần quay số là 9""},""row_index"":6,""table_index"":5}",https://vietlott.vn/vi/trung-thuong/ket-qua-trung-thuong/view-detail-bingo18-result?nocatche=1&id=0171716
bingo18,tabSelNumberInfo,Tổng kết quả ba lần quay số là 9,Tổng kết quả ba lần quay số là 9,47000108,"{""columns"":{""Giá trị trúng thưởng"":""47.000 ( Số lượng: 108 )"",""Xác định kết quả"":""Tổng kết quả ba lần quay số là 9""},""row_index"":6,""table_index"":5}",https://vietlott.vn/vi/trung-thuong/ket-qua-trung-thuong/view-detail-bingo18-result?nocatche=1&id=0171720
bingo18,tabSelNumberInfo,Tổng kết quả ba lần quay số từ 3 đến 9,Tổng kết quả ba lần quay số từ 3 đến 9,15000,"{""columns"":{""Giá trị trúng thưởng"":""15.000"",""Xác định kết quả"":""Tổng kết quả ba lần quay số từ 3 đến 9""},""row_index"":0,""table_index"":6}",https://vietlott.vn/vi/trung-thuong/ket-qua-trung-thuong/view-detail-bingo18-result?nocatche=1&id=0171701
bingo18,tabSelNumberInfo,Tổng kết quả ba lần quay số từ 3 đến 9,Tổng kết quả ba lần quay số từ 3 đến 9,1500040,"{""columns"":{""Giá trị trúng thưởng"":""15.000 ( Số lượng: 40 )"",""Xác định kết quả"":""Tổng kết quả ba lần quay số từ 3 đến 9""},""row_index"":0,""table_index"":6}",https://vietlott.vn/vi/trung-thuong/ket-qua-trung-thuong/view-detail-bingo18-result?nocatche=1&id=0171717
bingo18,tabSelNumberInfo,Tổng kết quả ba lần quay số từ 3 đến 9,Tổng kết quả ba lần quay số từ 3 đến 9,15000107,"{""columns"":{""Giá trị trúng thưởng"":""15.000 ( Số lượng: 107 )"",""Xác định kết quả"":""Tổng kết quả ba lần quay số từ 3 đến 9""},""row_index"":0,""table_index"":6}",https://vietlott.vn/vi/trung-thuong/ket-qua-trung-thuong/view-detail-bingo18-result?nocatche=1&id=0171700
bingo18,tabSelNumberInfo,Tổng kết quả ba lần quay số từ 3 đến 9,Tổng kết quả ba lần quay số từ 3 đến 9,15000116,"{""columns"":{""Giá trị trúng thưởng"":""15.000 ( Số lượng: 116 )"",""Xác định kết quả"":""Tổng kết quả ba lần quay số từ 3 đến 9""},""row_index"":0,""table_index"":6}",https://vietlott.vn/vi/trung-thuong/ket-qua-trung-thuong/view-detail-bingo18-result?nocatche=1&id=0171720
bingo18,tabSelNumberInfo,Tổng kết quả ba lần quay số từ 3 đến 9,Tổng kết quả ba lần quay số từ 3 đến 9,15000177,"{""columns"":{""Giá trị trúng thưởng"":""15.000 ( Số lượng: 177 )"",""Xác định kết quả"":""Tổng kết quả ba lần quay số từ 3 đến 9""},""row_index"":0,""table_index"":6}",https://vietlott.vn/vi/trung-thuong/ket-qua-trung-thuong/view-detail-bingo18-result?nocatche=1&id=0171719
bingo18,tabSelNumberInfo,Tổng kết quả ba lần quay số từ 3 đến 9,Tổng kết quả ba lần quay số từ 3 đến 9,15000188,"{""columns"":{""Giá trị trúng thưởng"":""15.000 ( Số lượng: 188 )"",""Xác định kết quả"":""Tổng kết quả ba lần quay số từ 3 đến 9""},""row_index"":0,""table_index"":6}",https://vietlott.vn/vi/trung-thuong/ket-qua-trung-thuong/view-detail-bingo18-result?nocatche=1&id=0171710
bingo18,tabSelNumberInfo,Tổng kết quả ba lần quay số từ 3 đến 9,Tổng kết quả ba lần quay số từ 3 đến 9,15000194,"{""columns"":{""Giá trị trúng thưởng"":""15.000 ( Số lượng: 194 )"",""Xác định kết quả"":""Tổng kết quả ba lần quay số từ 3 đến 9""},""row_index"":0,""table_index"":6}",https://vietlott.vn/vi/trung-thuong/ket-qua-trung-thuong/view-detail-bingo18-result?nocatche=1&id=0171721
bingo18,tabSelNumberInfo,Tổng kết quả ba lần quay số từ 3 đến 9,Tổng kết quả ba lần quay số từ 3 đến 9,15000248,"{""columns"":{""Giá trị trúng thưởng"":""15.000 ( Số lượng: 248 )"",""Xác định kết quả"":""Tổng kết quả ba lần quay số từ 3 đến 9""},""row_index"":0,""table_index"":6}",https://vietlott.vn/vi/trung-thuong/ket-qua-trung-thuong/view-detail-bingo18-result?nocatche=1&id=0171716
bingo18,tabSelNumberInfo,Tổng kết quả ba lần quay số từ 3 đến 9,Tổng kết quả ba lần quay số từ 3 đến 9,15000265,"{""columns"":{""Giá trị trúng thưởng"":""15.000 ( Số lượng: 265 )"",""Xác định kết quả"":""Tổng kết quả ba lần quay số từ 3 đến 9""},""row_index"":0,""table_index"":6}",https://vietlott.vn/vi/trung-thuong/ket-qua-trung-thuong/view-detail-bingo18-result?nocatche=1&id=0171715
bingo18,tabSelNumberInfo,Tổng kết quả ba lần quay số từ 3 đến 9,Tổng kết quả ba lần quay số từ 3 đến 9,15000273,"{""columns"":{""Giá trị trúng thưởng"":""15.000 ( Số lượng: 273 )"",""Xác định kết quả"":""Tổng kết quả ba lần quay số từ 3 đến 9""},""row_index"":0,""table_index"":6}",https://vietlott.vn/vi/trung-thuong/ket-qua-trung-thuong/view-detail-bingo18-result?nocatche=1&id=0171722
bingo18,tabSelNumberInfo,Tổng kết quả ba lần quay số từ 3 đến 9,Tổng kết quả ba lần quay số từ 3 đến 9,15000553,"{""columns"":{""Giá trị trúng thưởng"":""15.000 ( Số lượng: 553 )"",""Xác định kết quả"":""Tổng kết quả ba lần quay số từ 3 đến 9""},""row_index"":0,""table_index"":6}",https://vietlott.vn/vi/trung-thuong/ket-qua-trung-thuong/view-detail-bingo18-result?nocatche=1&id=0171706
bingo18,table-result-info,Any Triple: Any three similar number,,200000,"{""columns"":{""Giá trị"":""200000"",""SL"":""0"",""Subject"":""Any Triple: Any three similar number""},""row_index"":30,""table_index"":0}",https://vietlott.vn/vi/trung-thuong/ket-qua-trung-thuong/view-detail-bingo18-result?nocatche=1&id=0171700
bingo18,table-result-info,Double 1: At least two number 1,,75000,"{""columns"":{""Giá trị"":""75000"",""SL"":""0"",""Subject"":""Double 1: At least two number 1""},""row_index"":18,""table_index"":0}",https://vietlott.vn/vi/trung-thuong/ket-qua-trung-thuong/view-detail-bingo18-result?nocatche=1&id=0171700
bingo18,table-result-info,Double 2: At least two number 2,,75000,"{""columns"":{""Giá trị"":""75000"",""SL"":""0"",""Subject"":""Double 2: At least two number 2""},""row_index"":19,""table_index"":0}",https://vietlott.vn/vi/trung-thuong/ket-qua-trung-thuong/view-detail-bingo18-result?nocatche=1&id=0171700
bingo18,table-result-info,Double 3: At least two number 3,,75000,"{""columns"":{""Giá trị"":""75000"",""SL"":""0"",""Subject"":""Double 3: At least two number 3""},""row_index"":20,""table_index"":0}",https://vietlott.vn/vi/trung-thuong/ket-qua-trung-thuong/view-detail-bingo18-result?nocatche=1&id=0171700
bingo18,table-result-info,Double 4: At least two number 4,,75000,"{""columns"":{""Giá trị"":""75000"",""SL"":""0"",""Subject"":""Double 4: At least two number 4""},""row_index"":21,""table_index"":0}",https://vietlott.vn/vi/trung-thuong/ket-qua-trung-thuong/view-detail-bingo18-result?nocatche=1&id=0171700
bingo18,table-result-info,Double 5: At least two number 5,,75000,"{""columns"":{""Giá trị"":""75000"",""SL"":""0"",""Subject"":""Double 5: At least two number 5""},""row_index"":22,""table_index"":0}",https://vietlott.vn/vi/trung-thuong/ket-qua-trung-thuong/view-detail-bingo18-result?nocatche=1&id=0171700
bingo18,table-result-info,Double 6: At least two number 6,,75000,"{""columns"":{""Giá trị"":""75000"",""SL"":""0"",""Subject"":""Double 6: At least two number 6""},""row_index"":23,""table_index"":0}",https://vietlott.vn/vi/trung-thuong/ket-qua-trung-thuong/view-detail-bingo18-result?nocatche=1&id=0171700
bingo18,table-result-info,Even: Sum of results is 10 or 11,,20000,"{""columns"":{""Giá trị"":""20000"",""SL"":""0"",""Subject"":""Even: Sum of results is 10 or 11""},""row_index"":48,""table_index"":0}",https://vietlott.vn/vi/trung-thuong/ket-qua-trung-thuong/view-detail-bingo18-result?nocatche=1&id=0171700
bingo18,table-result-info,High: Sum of results from 12 to 18,,15000,"{""columns"":{""Giá trị"":""15000"",""SL"":""0"",""Subject"":""High: Sum of results from 12 to 18""},""row_index"":49,""table_index"":0}",https://vietlott.vn/vi/trung-thuong/ket-qua-trung-thuong/view-detail-bingo18-result?nocatche=1&id=0171700
bingo18,table-result-info,Low: Sum of results from 3 to 9,,15000,"{""columns"":{""Giá trị"":""15000"",""SL"":""107"",""Subject"":""Low: Sum of results from 3 to 9""},""row_index"":47,""table_index"":0}",https://vietlott.vn/vi/trung-thuong/ket-qua-trung-thuong/view-detail-bingo18-result?nocatche=1&id=0171700
bingo18,table-result-info,Number 1: One number 1,,12000,"{""columns"":{""Giá trị"":""12000"",""SL"":""0"",""Subject"":""Number 1: One number 1""},""row_index"":2,""table_index"":0}",https://vietlott.vn/vi/trung-thuong/ket-qua-trung-thuong/view-detail-bingo18-result?nocatche=1&id=0171700
bingo18,table-result-info,Number 1: Three number 1,,30000,"{""columns"":{""Giá trị"":""30000"",""SL"":""0"",""Subject"":""Number 1: Three number 1""},""row_index"":0,""table_index"":0}",https://vietlott.vn/vi/trung-thuong/ket-qua-trung-thuong/view-detail-bingo18-result?nocatche=1&id=0171700
bingo18,table-result-info,Number 1: Two number 1,,20000,"{""columns"":{""Giá trị"":""20000"",""SL"":""0"",""Subject"":""Number 1: Two number 1""},""row_index"":1,""table_index"":0}",https://vietlott.vn/vi/trung-thuong/ket-qua-trung-thuong/view-detail-bingo18-result?nocatche=1&id=0171700
bingo18,table-result-info,Number 2: One number 2,,12000,"{""columns"":{""Giá trị"":""12000"",""SL"":""2"",""Subject"":""Number 2: One number 2""},""row_index"":5,""table_index"":0}",https://vietlott.vn/vi/trung-thuong/ket-qua-trung-thuong/view-detail-bingo18-result?nocatche=1&id=0171700
bingo18,table-result-info,Number 2: Three number 2,,30000,"{""columns"":{""Giá trị"":""30000"",""SL"":""0"",""Subject"":""Number 2: Three number 2""},""row_index"":3,""table_index"":0}",https://vietlott.vn/vi/trung-thuong/ket-qua-trung-thuong/view-detail-bingo18-result?nocatche=1&id=0171700
bingo18,table-result-info,Number 2: Two number 2,,20000,"{""columns"":{""Giá trị"":""20000"",""SL"":""0"",""Subject"":""Number 2: Two number 2""},""row_index"":4,""table_index"":0}",https://vietlott.vn/vi/trung-thuong/ket-qua-trung-thuong/view-detail-bingo18-result?nocatche=1&id=0171700
bingo18,table-result-info,Number 3: One number 3,,12000,"{""columns"":{""Giá trị"":""12000"",""SL"":""15"",""Subject"":""Number 3: One number 3""},""row_index"":8,""table_index"":0}",https://vietlott.vn/vi/trung-thuong/ket-qua-trung-thuong/view-detail-bingo18-result?nocatche=1&id=0171700
bingo18,table-result-info,Number 3: Three number 3,,30000,"{""columns"":{""Giá trị"":""30000"",""SL"":""0"",""Subject"":""Number 3: Three number 3""},""row_index"":6,""table_index"":0}",https://vietlott.vn/vi/trung-thuong/ket-qua-trung-thuong/view-detail-bingo18-result?nocatche=1&id=0171700
bingo18,table-result-info,Number 3: Two number 3,,20000,"{""columns"":{""Giá trị"":""20000"",""SL"":""0"",""Subject"":""Number 3: Two number 3""},""row_index"":7,""table_index"":0}",https://vietlott.vn/vi/trung-thuong/ket-qua-trung-thuong/view-detail-bingo18-result?nocatche=1&id=0171700
bingo18,table-result-info,Number 4: One number 4,,12000,"{""columns"":{""Giá trị"":""12000"",""SL"":""0"",""Subject"":""Number 4: One number 4""},""row_index"":11,""table_index"":0}",https://vietlott.vn/vi/trung-thuong/ket-qua-trung-thuong/view-detail-bingo18-result?nocatche=1&id=0171700
bingo18,table-result-info,Number 4: Three number 4,,30000,"{""columns"":{""Giá trị"":""30000"",""SL"":""0"",""Subject"":""Number 4: Three number 4""},""row_index"":9,""table_index"":0}",https://vietlott.vn/vi/trung-thuong/ket-qua-trung-thuong/view-detail-bingo18-result?nocatche=1&id=0171700
bingo18,table-result-info,Number 4: Two number 4,,20000,"{""columns"":{""Giá trị"":""20000"",""SL"":""0"",""Subject"":""Number 4: Two number 4""},""row_index"":10,""table_index"":0}",https://vietlott.vn/vi/trung-thuong/ket-qua-trung-thuong/view-detail-bingo18-result?nocatche=1&id=0171700
bingo18,table-result-info,Number 5: One number 5,,12000,"{""columns"":{""Giá trị"":""12000"",""SL"":""0"",""Subject"":""Number 5: One number 5""},""row_index"":14,""table_index"":0}",https://vietlott.vn/vi/trung-thuong/ket-qua-trung-thuong/view-detail-bingo18-result?nocatche=1&id=0171700
bingo18,table-result-info,Number 5: Three number 5,,30000,"{""columns"":{""Giá trị"":""30000"",""SL"":""0"",""Subject"":""Number 5: Three number 5""},""row_index"":12,""table_index"":0}",https://vietlott.vn/vi/trung-thuong/ket-qua-trung-thuong/view-detail-bingo18-result?nocatche=1&id=0171700
bingo18,table-result-info,Number 5: Two number 5,,20000,"{""columns"":{""Giá trị"":""20000"",""SL"":""0"",""Subject"":""Number 5: Two number 5""},""row_index"":13,""table_index"":0}",https://vietlott.vn/vi/trung-thuong/ket-qua-trung-thuong/view-detail-bingo18-result?nocatche=1&id=0171700
bingo18,table-result-info,Number 6: One number 6,,12000,"{""columns"":{""Giá trị"":""12000"",""SL"":""0"",""Subject"":""Number 6: One number 6""},""row_index"":17,""table_index"":0}",https://vietlott.vn/vi/trung-thuong/ket-qua-trung-thuong/view-detail-bingo18-result?nocatche=1&id=0171700
bingo18,table-result-info,Number 6: Three number 6,,30000,"{""columns"":{""Giá trị"":""30000"",""SL"":""0"",""Subject"":""Number 6: Three number 6""},""row_index"":15,""table_index"":0}",https://vietlott.vn/vi/trung-thuong/ket-qua-trung-thuong/view-detail-bingo18-result?nocatche=1&id=0171700
bingo18,table-result-info,Number 6: Two number 6,,20000,"{""columns"":{""Giá trị"":""20000"",""SL"":""0"",""Subject"":""Number 6: Two number 6""},""row_index"":16,""table_index"":0}",https://vietlott.vn/vi/trung-thuong/ket-qua-trung-thuong/view-detail-bingo18-result?nocatche=1&id=0171700
bingo18,table-result-info,Sum 10: Sum of results is 10,,44000,"{""columns"":{""Giá trị"":""44000"",""SL"":""0"",""Subject"":""Sum 10: Sum of results is 10""},""row_index"":38,""table_index"":0}",https://vietlott.vn/vi/trung-thuong/ket-qua-trung-thuong/view-detail-bingo18-result?nocatche=1&id=0171700
bingo18,table-result-info,Sum 11: Sum of results is 11,,44000,"{""columns"":{""Giá trị"":""44000"",""SL"":""0"",""Subject"":""Sum 11: Sum of results is 11""},""row_index"":39,""table_index"":0}",https://vietlott.vn/vi/trung-thuong/ket-qua-trung-thuong/view-detail-bingo18-result?nocatche=1&id=0171700
bingo18,table-result-info,Sum 12: Sum of results is 12,,47000,"{""columns"":{""Giá trị"":""47000"",""SL"":""0"",""Subject"":""Sum 12: Sum of results is 12""},""row_index"":40,""table_index"":0}",https://vietlott.vn/vi/trung-thuong/ket-qua-trung-thuong/view-detail-bingo18-result?nocatche=1&id=0171700
bingo18,table-result-info,Sum 13: Sum of results is 13,,55000,"{""columns"":{""Giá trị"":""55000"",""SL"":""0"",""Subject"":""Sum 13: Sum of results is 13""},""row_index"":41,""table_index"":0}",https://vietlott.vn/vi/trung-thuong/ket-qua-trung-thuong/view-detail-bingo18-result?nocatche=1&id=0171700
bingo18,table-result-info,Sum 14: Sum of results is 14,,80000,"{""columns"":{""Giá trị"":""80000"",""SL"":""0"",""Subject"":""Sum 14: Sum of results is 14""},""row_index"":42,""table_index"":0}",https://vietlott.vn/vi/trung-thuong/ket-qua-trung-thuong/view-detail-bingo18-result?nocatche=1&id=0171700
bingo18,table-result-info,Sum 15: Sum of results is 15,,120000,"{""columns"":{""Giá trị"":""120000"",""SL"":""0"",""Subject"":""Sum 15: Sum of results is 15""},""row_index"":43,""table_index"":0}",https://vietlott.vn/vi/trung-thuong/ket-qua-trung-thuong/view-detail-bingo18-result?nocatche=1&id=0171700
bingo18,table-result-info,Sum 16: Sum of results is 16,,200000,"{""columns"":{""Giá trị"":""200000"",""SL"":""0"",""Subject"":""Sum 16: Sum of results is 16""},""row_index"":44,""table_index"":0}",https://vietlott.vn/vi/trung-thuong/ket-qua-trung-thuong/view-detail-bingo18-result?nocatche=1&id=0171700
bingo18,table-result-info,Sum 17: Sum of results is 17,,400000,"{""columns"":{""Giá trị"":""400000"",""SL"":""0"",""Subject"":""Sum 17: Sum of results is 17""},""row_index"":45,""table_index"":0}",https://vietlott.vn/vi/trung-thuong/ket-qua-trung-thuong/view-detail-bingo18-result?nocatche=1&id=0171700
bingo18,table-result-info,Sum 18: Sum of results is 18,,1200000,"{""columns"":{""Giá trị"":""1200000"",""SL"":""0"",""Subject"":""Sum 18: Sum of results is 18""},""row_index"":46,""table_index"":0}",https://vietlott.vn/vi/trung-thuong/ket-qua-trung-thuong/view-detail-bingo18-result?nocatche=1&id=0171700
bingo18,table-result-info,Sum 3: Sum of results is 3,,1200000,"{""columns"":{""Giá trị"":""1200000"",""SL"":""0"",""Subject"":""Sum 3: Sum of results is 3""},""row_index"":31,""table_index"":0}",https://vietlott.vn/vi/trung-thuong/ket-qua-trung-thuong/view-detail-bingo18-result?nocatche=1&id=0171700
bingo18,table-result-info,Sum 4: Sum of results is 4,,400000,"{""columns"":{""Giá trị"":""400000"",""SL"":""0"",""Subject"":""Sum 4: Sum of results is 4""},""row_index"":32,""table_index"":0}",https://vietlott.vn/vi/trung-thuong/ket-qua-trung-thuong/view-detail-bingo18-result?nocatche=1&id=0171700
bingo18,table-result-info,Sum 5: Sum of results is 5,,200000,"{""columns"":{""Giá trị"":""200000"",""SL"":""0"",""Subject"":""Sum 5: Sum of results is 5""},""row_index"":33,""table_index"":0}",https://vietlott.vn/vi/trung-thuong/ket-qua-trung-thuong/view-detail-bingo18-result?nocatche=1&id=0171700
bingo18,table-result-info,Sum 6: Sum of results is 6,,120000,"{""columns"":{""Giá trị"":""120000"",""SL"":""114"",""Subject"":""Sum 6: Sum of results is 6""},""row_index"":34,""table_index"":0}",https://vietlott.vn/vi/trung-thuong/ket-qua-trung-thuong/view-detail-bingo18-result?nocatche=1&id=0171700
bingo18,table-result-info,Sum 7: Sum of results is 7,,80000,"{""columns"":{""Giá trị"":""80000"",""SL"":""0"",""Subject"":""Sum 7: Sum of results is 7""},""row_index"":35,""table_index"":0}",https://vietlott.vn/vi/trung-thuong/ket-qua-trung-thuong/view-detail-bingo18-result?nocatche=1&id=0171700
bingo18,table-result-info,Sum 8: Sum of results is 8,,55000,"{""columns"":{""Giá trị"":""55000"",""SL"":""0"",""Subject"":""Sum 8: Sum of results is 8""},""row_index"":36,""table_index"":0}",https://vietlott.vn/vi/trung-thuong/ket-qua-trung-thuong/view-detail-bingo18-result?nocatche=1&id=0171700
bingo18,table-result-info,Sum 9: Sum of results is 9,,47000,"{""columns"":{""Giá trị"":""47000"",""SL"":""0"",""Subject"":""Sum 9: Sum of results is 9""},""row_index"":37,""table_index"":0}",https://vietlott.vn/vi/trung-thuong/ket-qua-trung-thuong/view-detail-bingo18-result?nocatche=1&id=0171700
bingo18,table-result-info,Triple 1: Three number 1,,1200000,"{""columns"":{""Giá trị"":""1200000"",""SL"":""0"",""Subject"":""Triple 1: Three number 1""},""row_index"":24,""table_index"":0}",https://vietlott.vn/vi/trung-thuong/ket-qua-trung-thuong/view-detail-bingo18-result?nocatche=1&id=0171700
bingo18,table-result-info,Triple 2: Three number 2,,1200000,"{""columns"":{""Giá trị"":""1200000"",""SL"":""0"",""Subject"":""Triple 2: Three number 2""},""row_index"":25,""table_index"":0}",https://vietlott.vn/vi/trung-thuong/ket-qua-trung-thuong/view-detail-bingo18-result?nocatche=1&id=0171700
bingo18,table-result-info,Triple 3: Three number 3,,1200000,"{""columns"":{""Giá trị"":""1200000"",""SL"":""0"",""Subject"":""Triple 3: Three number 3""},""row_index"":26,""table_index"":0}",https://vietlott.vn/vi/trung-thuong/ket-qua-trung-thuong/view-detail-bingo18-result?nocatche=1&id=0171700
bingo18,table-result-info,Triple 4: Three number 4,,1200000,"{""columns"":{""Giá trị"":""1200000"",""SL"":""0"",""Subject"":""Triple 4: Three number 4""},""row_index"":27,""table_index"":0}",https://vietlott.vn/vi/trung-thuong/ket-qua-trung-thuong/view-detail-bingo18-result?nocatche=1&id=0171700
bingo18,table-result-info,Triple 5: Three number 5,,1200000,"{""columns"":{""Giá trị"":""1200000"",""SL"":""0"",""Subject"":""Triple 5: Three number 5""},""row_index"":28,""table_index"":0}",https://vietlott.vn/vi/trung-thuong/ket-qua-trung-thuong/view-detail-bingo18-result?nocatche=1&id=0171700
bingo18,table-result-info,Triple 6: Three number 6,,1200000,"{""columns"":{""Giá trị"":""1200000"",""SL"":""0"",""Subject"":""Triple 6: Three number 6""},""row_index"":29,""table_index"":0}",https://vietlott.vn/vi/trung-thuong/ket-qua-trung-thuong/view-detail-bingo18-result?nocatche=1&id=0171700
keno,tabSelNumberInfo,11 hoặc 12 số là số chẵn,11 hoặc 12 số là số chẵn,20000,"{""columns"":{""Giá trị trúng thưởng (Số lượng trúng thưởng)"":""20.000 đồng"",""Xác định kết quả"":""11 hoặc 12 số là số chẵn""},""row_index"":2,""table_index"":15}",https://vietlott.vn/vi/trung-thuong/ket-qua-trung-thuong/view-detail-keno-result?id=0284640
keno,tabSelNumberInfo,11 hoặc 12 số là số lẻ,11 hoặc 12 số là số lẻ,20000,"{""columns"":{""Giá trị trúng thưởng (Số lượng trúng thưởng)"":""20.000 đồng  (88)"",""Xác định kết quả"":""11 hoặc 12 số là số lẻ""},""row_index"":4,""table_index"":15}",https://vietlott.vn/vi/trung-thuong/ket-qua-trung-thuong/view-detail-keno-result?id=0284640
keno,tabSelNumberInfo,13 hoặc 14 số là số chẵn,13 hoặc 14 số là số chẵn,40000,"{""columns"":{""Giá trị trúng thưởng (Số lượng trúng thưởng)"":""40.000 đồng"",""Xác định kết quả"":""13 hoặc 14 số là số chẵn""},""row_index"":1,""table_index"":15}",https://vietlott.vn/vi/trung-thuong/ket-qua-trung-thuong/view-detail-keno-result?id=0284640
keno,tabSelNumberInfo,13 hoặc 14 số là số lẻ,13 hoặc 14 số là số lẻ,40000,"{""columns"":{""Giá trị trúng thưởng (Số lượng trúng thưởng)"":""40.000 đồng"",""Xác định kết quả"":""13 hoặc 14 số là số lẻ""},""row_index"":5,""table_index"":15}",https://vietlott.vn/vi/trung-thuong/ket-qua-trung-thuong/view-detail-keno-result?id=0284640
keno,tabSelNumberInfo,15 số trở lên là số chẵn,15 số trở lên là số chẵn,200000,"{""columns"":{""Giá trị trúng thưởng (Số lượng trúng thưởng)"":""200.000 đồng"",""Xác định kết quả"":""15 số trở lên là số chẵn""},""row_index"":0,""table_index"":15}",https://vietlott.vn/vi/trung-thuong/ket-qua-trung-thuong/view-detail-keno-result?id=0284640
keno,tabSelNumberInfo,15 số trở lên là số lẻ,15 số trở lên là số lẻ,200000,"{""columns"":{""Giá trị trúng thưởng (Số lượng trúng thưởng)"":""200.000 đồng"",""Xác định kết quả"":""15 số trở lên là số lẻ""},""row_index"":6,""table_index"":15}",https://vietlott.vn/vi/trung-thuong/ket-qua-trung-thuong/view-detail-keno-result?id=0284640
keno,tabSelNumberInfo,Hòa 10 số chẵn và 10 số lẻ,Hòa 10 số chẵn và 10 số lẻ,20000,"{""columns"":{""Giá trị trúng thưởng (Số lượng trúng thưởng)"":""20.000 đồng"",""Xác định kết quả"":""Hòa 10 số chẵn và 10 số lẻ""},""row_index"":3,""table_index"":15}",https://vietlott.vn/vi/trung-thuong/ket-qua-trung-thuong/view-detail-keno-result?id=0284640
keno,tabSelNumberInfo,Hòa lớn nhỏ 10 số từ 01 đến 40 và 10 số từ 41 đến 80,Hòa lớn nhỏ 10 số từ 01 đến 40 và 10 số từ 41 đến 80,26000,"{""columns"":{""Giá trị trúng thưởng (Số lượng trúng thưởng)"":""26.000 đồng"",""Xác định kết quả"":""Hòa lớn nhỏ 10 số từ 01 đến 40 và 10 số từ 41 đến 80""},""row_index"":2,""table_index"":16}",https://vietlott.vn/vi/trung-thuong/ket-qua-trung-thuong/view-detail-keno-result?id=0284640
keno,tabSelNumberInfo,Lớn từ 11 hoặc 12 số từ 41-80,Lớn từ 11 hoặc 12 số từ 41-80,10000,"{""columns"":{""Giá trị trúng thưởng (Số lượng trúng thưởng)"":""10.000 đồng"",""Xác định kết quả"":""Lớn từ 11 hoặc 12 số từ 41-80""},""row_index"":1,""table_index"":16}",https://vietlott.vn/vi/trung-thuong/ket-qua-trung-thuong/view-detail-keno-result?id=0284640
keno,tabSelNumberInfo,Lớn từ 13 số trở lên từ 41-80,Lớn từ 13 số trở lên từ 41-80,26000,"{""columns"":{""Giá trị trúng thưởng (Số lượng trúng thưởng)"":""26.000 đồng"",""Xác định kết quả"":""Lớn từ 13 số trở lên từ 41-80""},""row_index"":0,""table_index"":16}",https://vietlott.vn/vi/trung-thuong/ket-qua-trung-thuong/view-detail-keno-result?id=0284640
keno,tabSelNumberInfo,Nhỏ 11 hoặc 12 số từ 01-40,Nhỏ 11 hoặc 12 số từ 01-40,10000,"{""columns"":{""Giá trị trúng thưởng (Số lượng trúng thưởng)"":""10.000 đồng"",""Xác định kết quả"":""Nhỏ 11 hoặc 12 số từ 01-40""},""row_index"":3,""table_index"":16}",https://vietlott.vn/vi/trung-thuong/ket-qua-trung-thuong/view-detail-keno-result?id=0284640
keno,tabSelNumberInfo,Nhỏ từ 13 số trở lên từ 01 đến 40,Nhỏ từ 13 số trở lên từ 01 đến 40,26000,"{""columns"":{""Giá trị trúng thưởng (Số lượng trúng thưởng)"":""26.000 đồng  (2)"",""Xác định kết quả"":""Nhỏ từ 13 số trở lên từ 01 đến 40""},""row_index"":4,""table_index"":16}",https://vietlott.vn/vi/trung-thuong/ket-qua-trung-thuong/view-detail-keno-result?id=0284640
keno,tabSelNumberInfo,Trùng 00 trong 20 số,Trùng 00 trong 20 số,10000,"{""columns"":{""Giá trị trúng thưởng (Số lượng trúng thưởng)"":""10.000 đ ( Số lượng: 34 )"",""Xác định kết quả"":""Trùng 00 trong 20 số""},""row_index"":5,""table_index"":7}",https://vietlott.vn/vi/trung-thuong/ket-qua-trung-thuong/view-detail-keno-result?id=0284640
keno,tabSelNumberInfo,Trùng 01 trong 20 số,Trùng 01 trong 20 số,20000,"{""columns"":{""Giá trị trúng thưởng (Số lượng trúng thưởng)"":""20.000 đ ( Số lượng: 10 )"",""Xác định kết quả"":""Trùng 01 trong 20 số""},""row_index"":0,""table_index"":14}",https://vietlott.vn/vi/trung-thuong/ket-qua-trung-thuong/view-detail-keno-result?id=0284640
keno,tabSelNumberInfo,Trùng 02 trong 20 số,Trùng 02 trong 20 số,10000,"{""columns"":{""Giá trị trúng thưởng (Số lượng trúng thưởng)"":""10.000 đ ( Số lượng: 70 )"",""Xác định kết quả"":""Trùng 02 trong 20 số""},""row_index"":2,""table_index"":11}",https://vietlott.vn/vi/trung-thuong/ket-qua-trung-thuong/view-detail-keno-result?id=0284640
keno,tabSelNumberInfo,Trùng 02 trong 20 số,Trùng 02 trong 20 số,20000,"{""columns"":{""Giá trị trúng thưởng (Số lượng trúng thưởng)"":""20.000 đ ( Số lượng: 41 )"",""Xác định kết quả"":""Trùng 02 trong 20 số""},""row_index"":1,""table_index"":12}",https://vietlott.vn/vi/trung-thuong/ket-qua-trung-thuong/view-detail-keno-result?id=0284640
keno,tabSelNumberInfo,Trùng 02 trong 20 số,Trùng 02 trong 20 số,90000,"{""columns"":{""Giá trị trúng thưởng (Số lượng trúng thưởng)"":""90.000 đ ( Số lượng: 42 )"",""Xác định kết quả"":""Trùng 02 trong 20 số""},""row_index"":0,""table_index"":13}",https://vietlott.vn/vi/trung-thuong/ket-qua-trung-thuong/view-detail-keno-result?id=0284640
keno,tabSelNumberInfo,Trùng 03 trong 20 số,Trùng 03 trong 20 số,10000,"{""columns"":{""Giá trị trúng thưởng (Số lượng trúng thưởng)"":""10.000 đ ( Số lượng: 47 )"",""Xác định kết quả"":""Trùng 03 trong 20 số""},""row_index"":2,""table_index"":10}",https://vietlott.vn/vi/trung-thuong/ket-qua-trung-thuong/view-detail-keno-result?id=0284640
keno,tabSelNumberInfo,Trùng 03 trong 20 số,Trùng 03 trong 20 số,50000,"{""columns"":{""Giá trị trúng thưởng (Số lượng trúng thưởng)"":""50.000 đ ( Số lượng: 20 )"",""Xác định kết quả"":""Trùng 03 trong 20 số""},""row_index"":1,""table_index"":11}",https://vietlott.vn/vi/trung-thuong/ket-qua-trung-thuong/view-detail-keno-result?id=0284640
keno,tabSelNumberInfo,Trùng 03 trong 20 số,Trùng 03 trong 20 số,200000,"{""columns"":{""Giá trị trúng thưởng (Số lượng trúng thưởng)"":""200.000 đ ( Số lượng: 6 )"",""Xác định kết quả"":""Trùng 03 trong 20 số""},""row_index"":0,""table_index"":12}",https://vietlott.vn/vi/trung-thuong/ket-qua-trung-thuong/view-detail-keno-result?id=0284640
keno,tabSelNumberInfo,Trùng 04 trong 20 số,Trùng 04 trong 20 số,0,"{""columns"":{""Giá trị trúng thưởng (Số lượng trúng thưởng)"":""0 đ ( Số lượng: 8 )"",""Xác định kết quả"":""Trùng 04 trong 20 số""},""row_index"":1,""table_index"":10}",https://vietlott.vn/vi/trung-thuong/ket-qua-trung-thuong/view-detail-keno-result?id=0284640
keno,tabSelNumberInfo,Trùng 04 trong 20 số,Trùng 04 trong 20 số,10000,"{""columns"":{""Giá trị trúng thưởng (Số lượng trúng thưởng)"":""10.000 đ ( Số lượng: 15 )"",""Xác định kết quả"":""Trùng 04 trong 20 số""},""row_index"":4,""table_index"":7}",https://vietlott.vn/vi/trung-thuong/ket-qua-trung-thuong/view-detail-keno-result?id=0284640
keno,tabSelNumberInfo,Trùng 04 trong 20 số,Trùng 04 trong 20 số,20000,"{""columns"":{""Giá trị trúng thưởng (Số lượng trúng thưởng)"":""20.000 đ ( Số lượng: 26 )"",""Xác định kết quả"":""Trùng 04 trong 20 số""},""row_index"":3,""table_index"":8}",https://vietlott.vn/vi/trung-thuong/ket-qua-trung-thuong/view-detail-keno-result?id=0284640
keno,tabSelNumberInfo,Trùng 04 trong 20 số,Trùng 04 trong 20 số,40000,"{""columns"":{""Giá trị trúng thưởng (Số lượng trúng thưởng)"":""40.000 đ ( Số lượng: 14 )"",""Xác định kết quả"":""Trùng 04 trong 20 số""},""row_index"":2,""table_index"":9}",https://vietlott.vn/vi/trung-thuong/ket-qua-trung-thuong/view-detail-keno-result?id=0284640
keno,tabSelNumberInfo,Trùng 04 trong 20 số,Trùng 04 trong 20 số,400000,"{""columns"":{""Giá trị trúng thưởng (Số lượng trúng thưởng)"":""400.000 đ"",""Xác định kết quả"":""Trùng 04 trong 20 số""},""row_index"":0,""table_index"":11}",https://vietlott.vn/vi/trung-thuong/ket-qua-trung-thuong/view-detail-keno-result?id=0284640
keno,tabSelNumberInfo,Trùng 05 trong 20 số,Trùng 05 trong 20 số,20000,"{""columns"":{""Giá trị trúng thưởng (Số lượng trúng thưởng)"":""20.000 đ ( Số lượng: 13 )"",""Xác định kết quả"":""Trùng 05 trong 20 số""},""row_index"":5,""table_index"":5}",https://vietlott.vn/vi/trung-thuong/ket-qua-trung-thuong/view-detail-keno-result?id=0284640
keno,tabSelNumberInfo,Trùng 05 trong 20 số,Trùng 05 trong 20 số,30000,"{""columns"":{""Giá trị trúng thưởng (Số lượng trúng thưởng)"":""30.000 đ ( Số lượng: 9 )"",""Xác định kết quả"":""Trùng 05 trong 20 số""},""row_index"":4,""table_index"":6}",https://vietlott.vn/vi/trung-thuong/ket-qua-trung-thuong/view-detail-keno-result?id=0284640
keno,tabSelNumberInfo,Trùng 05 trong 20 số,Trùng 05 trong 20 số,50000,"{""columns"":{""Giá trị trúng thưởng (Số lượng trúng thưởng)"":""50.000 đ ( Số lượng: 1 )"",""Xác định kết quả"":""Trùng 05 trong 20 số""},""row_index"":3,""table_index"":7}",https://vietlott.vn/vi/trung-thuong/ket-qua-trung-thuong/view-detail-keno-result?id=0284640
keno,tabSelNumberInfo,Trùng 05 trong 20 số,Trùng 05 trong 20 số,100000,"{""columns"":{""Giá trị trúng thưởng (Số lượng trúng thưởng)"":""100.000 đ ( Số lượng: 9 )"",""Xác định kết quả"":""Trùng 05 trong 20 số""},""row_index"":2,""table_index"":8}",https://vietlott.vn/vi/trung-thuong/ket-qua-trung-thuong/view-detail-keno-result?id=0284640
keno,tabSelNumberInfo,Trùng 05 trong 20 số,Trùng 05 trong 20 số,450000,"{""columns"":{""Giá trị trúng thưởng (Số lượng trúng thưởng)"":""450.000 đ ( Số lượng: 3 )"",""Xác định kết quả"":""Trùng 05 trong 20 số""},""row_index"":1,""table_index"":9}",https://vietlott.vn/vi/trung-thuong/ket-qua-trung-thuong/view-detail-keno-result?id=0284640
keno,tabSelNumberInfo,Trùng 05 trong 20 số,Trùng 05 trong 20 số,4400000,"{""columns"":{""Giá trị trúng thưởng (Số lượng trúng thưởng)"":""4.400.000 đ"",""Xác định kết quả"":""Trùng 05 trong 20 số""},""row_index"":0,""table_index"":10}",https://vietlott.vn/vi/trung-thuong/ket-qua-trung-thuong/view-detail-keno-result?id=0284640
keno,tabSelNumberInfo,Trùng 06 trong 20 số,Trùng 06 trong 20 số,80000,"{""columns"":{""Giá trị trúng thưởng (Số lượng trúng thưởng)"":""80.000 đ ( Số lượng: 4 )"",""Xác định kết quả"":""Trùng 06 trong 20 số""},""row_index"":4,""table_index"":5}",https://vietlott.vn/vi/trung-thuong/ket-qua-trung-thuong/view-detail-keno-result?id=0284640
keno,tabSelNumberInfo,Trùng 06 trong 20 số,Trùng 06 trong 20 số,150000,"{""columns"":{""Giá trị trúng thưởng (Số lượng trúng thưởng)"":""150.000 đ ( Số lượng: 4 )"",""Xác định kết quả"":""Trùng 06 trong 20 số""},""row_index"":3,""table_index"":6}",https://vietlott.vn/vi/trung-thuong/ket-qua-trung-thuong/view-detail-keno-result?id=0284640
keno,tabSelNumberInfo,Trùng 06 trong 20 số,Trùng 06 trong 20 số,500000,"{""columns"":{""Giá trị trúng thưởng (Số lượng trúng thưởng)"":""500.000 đ ( Số lượng: 2 )"",""Xác định kết quả"":""Trùng 06 trong 20 số""},""row_index"":2,""table_index"":7}",https://vietlott.vn/vi/trung-thuong/ket-qua-trung-thuong/view-detail-keno-result?id=0284640
keno,tabSelNumberInfo,Trùng 06 trong 20 số,Trùng 06 trong 20 số,1200000,"{""columns"":{""Giá trị trúng thưởng (Số lượng trúng thưởng)"":""1.200.000 đ ( Số lượng: 2 )"",""Xác định kết quả"":""Trùng 06 trong 20 số""},""row_index"":1,""table_index"":8}",https://vietlott.vn/vi/trung-thuong/ket-qua-trung-thuong/view-detail-keno-result?id=0284640
keno,tabSelNumberInfo,Trùng 06 trong 20 số,Trùng 06 trong 20 số,12500000,"{""columns"":{""Giá trị trúng thưởng (Số lượng trúng thưởng)"":""12.500.000 đ"",""Xác định kết quả"":""Trùng 06 trong 20 số""},""row_index"":0,""table_index"":9}",https://vietlott.vn/vi/trung-thuong/ket-qua-trung-thuong/view-detail-keno-result?id=0284640
keno,tabSelNumberInfo,Trùng 07 trong 20 số,Trùng 07 trong 20 số,710000,"{""columns"":{""Giá trị trúng thưởng (Số lượng trúng thưởng)"":""710.000 đ"",""Xác định kết quả"":""Trùng 07 trong 20 số""},""row_index"":3,""table_index"":5}",https://vietlott.vn/vi/trung-thuong/ket-qua-trung-thuong/view-detail-keno-result?id=0284640
keno,tabSelNumberInfo,Trùng 07 trong 20 số,Trùng 07 trong 20 số,1500000,"{""columns"":{""Giá trị trúng thưởng (Số lượng trúng thưởng)"":""1.500.000 đ"",""Xác định kết quả"":""Trùng 07 trong 20 số""},""row_index"":2,""table_index"":6}",https://vietlott.vn/vi/trung-thuong/ket-qua-trung-thuong/view-detail-keno-result?id=0284640
keno,tabSelNumberInfo,Trùng 07 trong 20 số,Trùng 07 trong 20 số,5000000,"{""columns"":{""Giá trị trúng thưởng (Số lượng trúng thưởng)"":""5.000.000 đ"",""Xác định kết quả"":""Trùng 07 trong 20 số""},""row_index"":1,""table_index"":7}",https://vietlott.vn/vi/trung-thuong/ket-qua-trung-thuong/view-detail-keno-result?id=0284640
keno,tabSelNumberInfo,Trùng 07 trong 20 số,Trùng 07 trong 20 số,40000000,"{""columns"":{""Giá trị trúng thưởng (Số lượng trúng thưởng)"":""40.000.000 đ"",""Xác định kết quả"":""Trùng 07 trong 20 số""},""row_index"":0,""table_index"":8}",https://vietlott.vn/vi/trung-thuong/ket-qua-trung-thuong/view-detail-keno-result?id=0284640
keno,tabSelNumberInfo,Trùng 08 trong 20 số,Trùng 08 trong 20 số,8000000,"{""columns"":{""Giá trị trúng thưởng (Số lượng trúng thưởng)"":""8.000.000 đ"",""Xác định kết quả"":""Trùng 08 trong 20 số""},""row_index"":2,""table_index"":5}",https://vietlott.vn/vi/trung-thuong/ket-qua-trung-thuong/view-detail-keno-result?id=0284640
keno,tabSelNumberInfo,Trùng 08 trong 20 số,Trùng 08 trong 20 số,12000000,"{""columns"":{""Giá trị trúng thưởng (Số lượng trúng thưởng)"":""12.000.000 đ"",""Xác định kết quả"":""Trùng 08 trong 20 số""},""row_index"":1,""table_index"":6}",https://vietlott.vn/vi/trung-thuong/ket-qua-trung-thuong/view-detail-keno-result?id=0284640
keno,tabSelNumberInfo,Trùng 08 trong 20 số,Trùng 08 trong 20 số,200000000,"{""columns"":{""Giá trị trúng thưởng (Số lượng trúng thưởng)"":""200.000.000 đ"",""Xác định kết quả"":""Trùng 08 trong 20 số""},""row_index"":0,""table_index"":7}",https://vietlott.vn/vi/trung-thuong/ket-qua-trung-thuong/view-detail-keno-result?id=0284640
keno,tabSelNumberInfo,Trùng 09 trong 20 số,Trùng 09 trong 20 số,150000000,"{""columns"":{""Giá trị trúng thưởng (Số lượng trúng thưởng)"":""150.000.000 đ"",""Xác định kết quả"":""Trùng 09 trong 20 số""},""row_index"":1,""table_index"":5}",https://vietlott.vn/vi/trung-thuong/ket-qua-trung-thuong/view-detail-keno-result?id=0284640
keno,tabSelNumberInfo,Trùng 09 trong 20 số,Trùng 09 trong 20 số,800000000,"{""columns"":{""Giá trị trúng thưởng (Số lượng trúng thưởng)"":""800.000.000 đ"",""Xác định kết quả"":""Trùng 09 trong 20 số""},""row_index"":0,""table_index"":6}",https://vietlott.vn/vi/trung-thuong/ket-qua-trung-thuong/view-detail-keno-result?id=0284640
keno,tabSelNumberInfo,Trùng 10 trong 20 số,Trùng 10 trong 20 số,2000000000,"{""columns"":{""Giá trị trúng thưởng (Số lượng trúng thưởng)"":""2.000.000.000 đ"",""Xác định kết quả"":""Trùng 10 trong 20 số""},""row_index"":0,""table_index"":5}",https://vietlott.vn/vi/trung-thuong/ket-qua-trung-thuong/view-detail-keno-result?id=0284640
